study_id,disease_trait,snps,genes,p_value,risk_allele_frequency,pubmed_id
GCST000124,Alzheimer's disease,rs4420638,APOE;APOC1,2e-44,NR,17998437
GCST001025,Alzheimer's disease,rs3764650,ABCA7,5.0000000000000005e-17,0.10,21460840
GCST001025,Alzheimer's disease,rs610932,MS4A4E;MS4A6A,2e-14,0.58,21460840
GCST001025,Alzheimer's disease,rs3818361,CR1,4e-14,0.19,21460840
GCST001025,Alzheimer's disease,rs744373,BIN1,3e-14,0.29,21460840
GCST000479,Alzheimer's disease,rs11136000,CLU,9e-10,0.60,19734902
GCST000479,Alzheimer's disease,rs3851179,PICALM,1e-09,0.63,19734902
GCST000479,Alzheimer's disease,rs2075650,APOE;TOMM40,2e-157,0.15,19734902
GCST000237,Alzheimer's disease,rs6859,APOE;PVRL2;TOMM40,6e-14,NR,18823527
GCST000237,Alzheimer's disease,rs727153,intergenic,3e-06,0.52,18823527
GCST000121,Alzheimer's disease,rs4420638,APOE,1e-39,NR,17975299
GCST000310,Alzheimer's disease,rs2061333,ZNF224,2e-06,NR,19118814
GCST000310,Alzheimer's disease,rs11610206,FAM113B,3e-07,NR,19118814
GCST000310,Alzheimer's disease,rs12044355,DISC1,9e-06,NR,19118814
GCST000315,Alzheimer's disease,rs2573905,PCDH11X,2e-07,0.46,19136949
GCST000484,Alzheimer's disease,rs4509693,PAX2,6e-06,0.18,20061627
GCST000484,Alzheimer's disease,rs7539409,TTLL7,1e-06,0.18,20061627
GCST000484,Alzheimer's disease,rs9390537,SASH1,8e-06,0.22,20061627
GCST000484,Alzheimer's disease,rs690705,RFC3,6e-07,0.25,20061627
GCST000484,Alzheimer's disease,rs2075650,APOE;TOMM40,3e-11,0.15,20061627
GCST001342,Alzheimer's disease,rs17006206,SLC4A1AP,2e-06,0.10,22159054
GCST001342,Alzheimer's disease,rs956225,intergenic,9e-06,NR,22159054
GCST001342,Alzheimer's disease,rs340849,intergenic,8e-06,NR,22159054
GCST001342,Alzheimer's disease,rs11889338,intergenic,9e-06,0.26,22159054
GCST001342,Alzheimer's disease,rs2221154,intergenic,3e-06,NR,22159054
GCST001342,Alzheimer's disease,rs1923775,POLN,6e-06,0.25,22159054
GCST001342,Alzheimer's disease,rs10273775,CNTNAP2,9e-06,0.42,22159054
GCST001342,Alzheimer's disease,rs10850408,intergenic,9e-07,NR,22159054
GCST001342,Alzheimer's disease,rs912330,STK24,4e-06,NR,22159054
GCST001342,Alzheimer's disease,rs6859,PVRL2,5e-07,NR,22159054
GCST001342,Alzheimer's disease,rs17511627,intergenic,4.9999999999999996e-06,0.17,22159054
GCST001087,Alzheimer's disease,rs1562990,MS4A,4e-11,0.58,21627779
GCST001087,Alzheimer's disease,rs157580,APOE,8e-89,NR,21627779
GCST001087,Alzheimer's disease,rs536841,PICALM,3.0000000000000004e-09,NR,21627779
GCST001087,Alzheimer's disease,rs569214,CLU,4e-08,NR,21627779
GCST001087,Alzheimer's disease,rs744373,BIN1,2e-09,NR,21627779
GCST000480,Alzheimer's disease,rs11136000;rs9331888;rs2279590,CLU,6e-10,0.26,19734903
GCST000480,Alzheimer's disease,rs3818361;rs6656401,CR1,3e-10,0.18,19734903
GCST000480,Alzheimer's disease,rs2075650,APOE,2e-16,0.90,19734903
GCST001449,Alzheimer's disease,rs2446581;rs7081208;rs17314229,FRMD4A,1e-10,0.028,22430674
GCST001529,Alzheimer's disease,rs4420638,APOE;TOMM40;APOC1,8e-149,NR,22832961
GCST001529,Alzheimer's disease,rs11738335,FLJ37543,4.9999999999999996e-06,NR,22832961
GCST001529,Alzheimer's disease,rs12808148,MMP3;MMP12,1e-06,NR,22832961
GCST001529,Alzheimer's disease,rs1357692,intergenic,9e-06,NR,22832961
GCST001529,Alzheimer's disease,rs7561528,BIN1,6e-11,NR,22832961
GCST001529,Alzheimer's disease,rs17817600,PICALM,2e-08,NR,22832961
GCST001529,Alzheimer's disease,rs3748140,PPP1R3B,3e-07,NR,22832961
GCST001529,Alzheimer's disease,rs6856768,intergenic,4.9999999999999996e-06,NR,22832961
GCST000255,Alzheimer's disease,rs11159647,intergenic,2e-06,NR,18976728
GCST000255,Alzheimer's disease,rs3826656,CD33,6e-06,NR,18976728
GCST000313,Alzheimer's disease,rs157580,APOE;TOMM40,1e-40,NR,19125160
GCST001372,Alzheimer's disease,APOE,APOE,4e-09,NR,22245343
GCST001372,Alzheimer's disease,APOE,APOE,6.999999999999999e-16,NR,22245343
GCST000682,Alzheimer's disease,rs2075650,APOE,1e-295,0.14,20460622
GCST000676,Alzheimer's disease,rs4298437,RELN,2e-06,0.26,20452100
GCST000676,Alzheimer's disease,rs11782819,MSRA,3e-06,NR,20452100
GCST001743,Alzheimer's disease,rs75932628,TREM2,2e-12,0.0063,23150908
GCST002429,Alzheimer's disease,rs2075650,APOE;TOMM40,4e-13,NR,24770881
GCST002429,Alzheimer's disease,rs17169634,BMPER,1e-07,NR,24770881
GCST002429,Alzheimer's disease,rs75847378,SLC8A1-AS1,7e-07,NR,24770881
GCST002422,Alzheimer's disease,rs2075650,APOE;BCAM;PVR;EXOC3L2;TOMM40;PVRL2;BCL3;APOC1,9e-116,NR,24755620
GCST002422,Alzheimer's disease,rs249153,intergenic,4e-07,NR,24755620
GCST002422,Alzheimer's disease,rs13178362,intergenic,7e-07,NR,24755620
GCST002422,Alzheimer's disease,rs474951,MS4A3,1e-06,NR,24755620
GCST002422,Alzheimer's disease,rs1552244,FANCD2;FANCD2OS,2e-06,NR,24755620
GCST004246,Alzheimer's disease,rs11168036,HBEGF;PFDN1,7.000000000000001e-09,0.5,28183528
GCST004246,Alzheimer's disease,rs12358692,NR,3.0000000000000004e-08,NR,28183528
GCST004246,Alzheimer's disease,rs2632516,BZRAP1;BZRAP1-AS1,4e-08,0.6,28183528
GCST004246,Alzheimer's disease,rs283811,NR,7.000000000000001e-09,NR,28183528
GCST004246,Alzheimer's disease,rs283811,NR,1e-15,NR,28183528
GCST004246,Alzheimer's disease,rs483082,NR,1e-15,NR,28183528
GCST004246,Alzheimer's disease,rs6857,NR,6e-07,NR,28183528
GCST004246,Alzheimer's disease,rs6857,NR,7e-18,NR,28183528
GCST004246,Alzheimer's disease,rs7920721,USP6NL;ECHDC3,3.0000000000000004e-08,0.4,28183528
GCST90623794,Alzheimer's disease,rs28372356,,2e-08,NR,40419521
GCST90558104,Alzheimer's disease,rs79300507,,2e-06,0.99,39023044
GCST90558104,Alzheimer's disease,rs1460522,,4e-07,0.02,39023044
GCST90558104,Alzheimer's disease,rs373899398,,3e-07,0.04,39023044
GCST90558104,Alzheimer's disease,rs117918145,,5e-08,0.96,39023044
GCST90558104,Alzheimer's disease,rs1815157,,1e-08,0.47,39023044
GCST90558104,Alzheimer's disease,rs6117562,,2e-11,0.38,39023044
GCST90558104,Alzheimer's disease,rs6682554,,9e-10,0.46,39023044
GCST90558104,Alzheimer's disease,rs3804082,,7e-13,0.88,39023044
GCST90558104,Alzheimer's disease,rs429358,,2e-67,0.84,39023044
GCST90558104,Alzheimer's disease,rs75680863,,1e-14,0.89,39023044
GCST90558104,Alzheimer's disease,rs157580,,1e-160,NR,39023044
GCST90558104,Alzheimer's disease,rs6140149,,6e-06,NR,39023044
GCST90558104,Alzheimer's disease,rs137866064,,7e-06,0.01,39023044
GCST90558104,Alzheimer's disease,rs117150960,,4.9999999999999996e-06,0.02,39023044
GCST90301303,Alzheimer's disease,rs4575098,,2e-08,NR,37198259
GCST90301303,Alzheimer's disease,rs679515,,4e-33,0.11420226,37198259
GCST90301303,Alzheimer's disease,rs72777026,,1e-06,0.7983015,37198259
GCST90301303,Alzheimer's disease,rs17020490,,4e-06,0.75880908,37198259
GCST90301303,Alzheimer's disease,rs6733839,,5.9999999999999996e-92,0.38947575,37198259
GCST90301303,Alzheimer's disease,rs150622102,,3.0000000000000004e-08,NR,37198259
GCST90301303,Alzheimer's disease,rs10933431,,2e-16,0.62090575,37198259
GCST90301303,Alzheimer's disease,rs9837978,,2e-07,0.287,37198259
GCST90301303,Alzheimer's disease,rs9867455,,7e-08,0.405,37198259
GCST90301303,Alzheimer's disease,rs4690221,,4e-08,NR,37198259
GCST90301303,Alzheimer's disease,rs6827852,,2e-13,NR,37198259
GCST90301303,Alzheimer's disease,rs2245466,,4e-09,0.6872525,37198259
GCST90301303,Alzheimer's disease,rs62374257,,2e-12,0.82256661,37198259
GCST90301303,Alzheimer's disease,rs871269,,5e-07,0.357764,37198259
GCST90301303,Alzheimer's disease,rs113706587,,2e-11,0.0833457,37198259
GCST90301303,Alzheimer's disease,rs6605556,,8e-16,0.82577413,37198259
GCST90301303,Alzheimer's disease,rs9394766,,2e-14,NR,37198259
GCST90301303,Alzheimer's disease,rs7754282,,8e-14,NR,37198259
GCST90301303,Alzheimer's disease,rs1997649,,4e-08,NR,37198259
GCST90301303,Alzheimer's disease,rs6943429,,1e-07,0.4381655,37198259
GCST90301303,Alzheimer's disease,rs10952097,,3e-06,0.23664825,37198259
GCST90301303,Alzheimer's disease,rs13237518,,2e-08,0.4986875,37198259
GCST90301303,Alzheimer's disease,rs67250450,,1e-08,NR,37198259
GCST90301303,Alzheimer's disease,rs74504435,,2e-09,NR,37198259
GCST90301303,Alzheimer's disease,rs7384878,,2e-17,0.74429475,37198259
GCST90301303,Alzheimer's disease,rs11771145,,5e-13,0.42569725,37198259
GCST90301303,Alzheimer's disease,rs1065712,,6.000000000000001e-09,0.04642125,37198259
GCST90301303,Alzheimer's disease,rs73223431,,3.0000000000000002e-15,0.29707737,37198259
GCST90301303,Alzheimer's disease,rs1532276,,2e-37,NR,37198259
GCST90301303,Alzheimer's disease,rs79832570,,6e-10,NR,37198259
GCST90301303,Alzheimer's disease,rs1800978,,3e-07,0.90825525,37198259
GCST90301303,Alzheimer's disease,rs7912495,,1e-13,0.577875,37198259
GCST90301303,Alzheimer's disease,rs7068231,,2e-09,0.3605895,37198259
GCST90301303,Alzheimer's disease,rs1902660,,1e-15,NR,37198259
GCST90301303,Alzheimer's disease,rs6584063,,7e-07,0.9534287,37198259
GCST90301303,Alzheimer's disease,rs7908662,,3e-07,0.50780966,37198259
GCST90301303,Alzheimer's disease,rs4434960,,1e-12,NR,37198259
GCST90301303,Alzheimer's disease,rs7232,,2e-26,NR,37198259
GCST90301303,Alzheimer's disease,rs10792832,,2e-40,NR,37198259
GCST90301303,Alzheimer's disease,rs117807585,,3e-19,NR,37198259
GCST90301303,Alzheimer's disease,rs6489896,,2e-07,0.8736765,37198259
GCST90301303,Alzheimer's disease,rs74825460,,1e-10,NR,37198259
GCST90301303,Alzheimer's disease,rs12590654,,6.999999999999999e-16,0.336316,37198259
GCST90301303,Alzheimer's disease,rs74093831,,1e-08,NR,37198259
GCST90301303,Alzheimer's disease,rs10131280,,5e-07,0.15280459,37198259
GCST90301303,Alzheimer's disease,rs602602,,1e-12,0.299165,37198259
GCST90301303,Alzheimer's disease,rs117618017,,4e-20,0.0978815,37198259
GCST90301303,Alzheimer's disease,rs3848143,,1e-06,0.73020473,37198259
GCST90301303,Alzheimer's disease,rs12592898,,1e-05,0.165175,37198259
GCST90301303,Alzheimer's disease,rs1140239,,2e-11,0.30392077,37198259
GCST90301303,Alzheimer's disease,rs78924645,,5e-09,NR,37198259
GCST90301303,Alzheimer's disease,rs450674,,2e-07,0.73755852,37198259
GCST90301303,Alzheimer's disease,rs4407053,,1e-10,NR,37198259
GCST90301303,Alzheimer's disease,rs16941239,,4e-06,0.08784925,37198259
GCST90301303,Alzheimer's disease,rs56407236,,8e-13,0.06944185,37198259
GCST90301303,Alzheimer's disease,rs57402520,,5e-14,NR,37198259
GCST90301303,Alzheimer's disease,rs5848,,2e-15,0.422131,37198259
GCST90301303,Alzheimer's disease,rs199498,,3e-12,NR,37198259
GCST90301303,Alzheimer's disease,rs2526377,,1e-06,0.49326675,37198259
GCST90301303,Alzheimer's disease,rs4311,,2e-15,NR,37198259
GCST90301303,Alzheimer's disease,rs12151021,,4e-32,0.33563325,37198259
GCST90301303,Alzheimer's disease,rs732310,,1e-08,NR,37198259
GCST90301303,Alzheimer's disease,rs5167,,4e-51,NR,37198259
GCST90301303,Alzheimer's disease,rs9304690,,7e-06,0.19575136,37198259
GCST90301303,Alzheimer's disease,rs12984029,,7.000000000000001e-09,NR,37198259
GCST90301303,Alzheimer's disease,rs1358782,,3e-07,0.2034725,37198259
GCST90301303,Alzheimer's disease,rs6014724,,1e-15,0.9084945,37198259
GCST90301303,Alzheimer's disease,rs6742,,9e-07,0.242616,37198259
GCST90301303,Alzheimer's disease,rs2154481,,1e-11,0.3642435,37198259
GCST90301303,Alzheimer's disease,rs2830489,,9e-08,0.20515875,37198259
GCST007600,Alzheimer's disease,rs2233083,MAPK7,1e-06,NR,30636644
GCST007600,Alzheimer's disease,rs77104831,FBXL13,2e-06,NR,30636644
GCST007600,Alzheimer's disease,rs429358,APOE,2e-91,NR,30636644
GCST007600,Alzheimer's disease,rs429358,APOE,1e-53,NR,30636644
GCST007600,Alzheimer's disease,rs769449,APOE,7e-30,NR,30636644
GCST007600,Alzheimer's disease,rs769449,APOE,2e-83,NR,30636644
GCST007600,Alzheimer's disease,rs429358,APOE,3.0000000000000003e-31,NR,30636644
GCST007600,Alzheimer's disease,rs769449,APOE,5.999999999999999e-47,NR,30636644
GCST007600,Alzheimer's disease,rs73165159,LINC00634,3e-06,NR,30636644
GCST007600,Alzheimer's disease,rs4420638,APOC1,2e-24,NR,30636644
GCST007600,Alzheimer's disease,rs56131196,APOC1,2.9999999999999996e-24,NR,30636644
GCST007600,Alzheimer's disease,rs71352238,TOMM40,2e-25,NR,30636644
GCST007600,Alzheimer's disease,rs2075650,TOMM40,8e-26,NR,30636644
GCST007600,Alzheimer's disease,rs56131196,APOC1,5.9999999999999996e-77,NR,30636644
GCST007600,Alzheimer's disease,rs4420638,APOC1,9e-77,NR,30636644
GCST007600,Alzheimer's disease,rs2075650,TOMM40,2e-71,NR,30636644
GCST007600,Alzheimer's disease,rs56131196,APOC1,4e-48,NR,30636644
GCST007600,Alzheimer's disease,rs4420638,APOC1,8e-48,NR,30636644
GCST007600,Alzheimer's disease,rs71352238,TOMM40,7e-69,NR,30636644
GCST007600,Alzheimer's disease,rs2075650,TOMM40,1e-39,NR,30636644
GCST007600,Alzheimer's disease,rs71352238,TOMM40,6e-38,NR,30636644
GCST007600,Alzheimer's disease,rs116593898,SFT2D2,3e-06,NR,30636644
GCST007600,Alzheimer's disease,rs157582,TOMM40,1e-23,NR,30636644
GCST007600,Alzheimer's disease,rs157582,TOMM40,4e-63,NR,30636644
GCST007600,Alzheimer's disease,rs34925435,TRH,4.9999999999999996e-06,NR,30636644
GCST007600,Alzheimer's disease,rs157582,TOMM40,2e-35,NR,30636644
GCST007600,Alzheimer's disease,rs12450778,C17orf96,2e-06,NR,30636644
GCST007600,Alzheimer's disease,rs7561207,ANTXR1,4e-06,NR,30636644
GCST007600,Alzheimer's disease,rs12450778,C17orf96,2e-06,NR,30636644
GCST007600,Alzheimer's disease,rs157580,TOMM40,4e-09,NR,30636644
GCST007600,Alzheimer's disease,rs157580,TOMM40,4e-23,NR,30636644
GCST007600,Alzheimer's disease,rs157580,TOMM40,6e-14,NR,30636644
GCST007600,Alzheimer's disease,rs76252969,LINC00158,4.9999999999999996e-06,NR,30636644
GCST007600,Alzheimer's disease,rs2282079,PAX5,4e-06,NR,30636644
GCST007600,Alzheimer's disease,rs8103315,BCL3,2e-06,NR,30636644
GCST007600,Alzheimer's disease,rs9862849,KBTBD8,3e-06,NR,30636644
GCST007600,Alzheimer's disease,rs62402815,LOC101928519,4e-07,NR,30636644
GCST007600,Alzheimer's disease,rs111436800,D21S2088E,4.9999999999999996e-06,NR,30636644
GCST007600,Alzheimer's disease,rs11969759,TNXB,2e-06,NR,30636644
GCST007600,Alzheimer's disease,rs405697,TOMM40,1e-13,NR,30636644
GCST007600,Alzheimer's disease,rs405697,TOMM40,1e-08,NR,30636644
GCST007600,Alzheimer's disease,rs584007,APOC1,2e-09,NR,30636644
GCST007600,Alzheimer's disease,rs439401,APOE,3.0000000000000004e-09,NR,30636644
GCST007600,Alzheimer's disease,rs1497197,LHX1,3e-06,NR,30636644
GCST007600,Alzheimer's disease,rs584007,APOC1,3e-14,NR,30636644
GCST007600,Alzheimer's disease,rs439401,APOE,6e-14,NR,30636644
GCST007600,Alzheimer's disease,rs62402815,LOC101928519,2e-06,NR,30636644
GCST007600,Alzheimer's disease,rs7963314,SFSWAP,3e-06,NR,30636644
GCST007600,Alzheimer's disease,rs10405693,BCAM,1e-09,NR,30636644
GCST007600,Alzheimer's disease,rs10402271,BCAM,2e-09,NR,30636644
GCST007600,Alzheimer's disease,rs10405693,BCAM,3e-14,NR,30636644
GCST007600,Alzheimer's disease,rs10402271,BCAM,7e-14,NR,30636644
GCST007600,Alzheimer's disease,rs8103315,BCL3,4e-06,NR,30636644
GCST007600,Alzheimer's disease,rs2298369,LINC00515;MRPL39,3e-07,NR,30636644
GCST007600,Alzheimer's disease,rs10953322,TRIM56,4.9999999999999996e-06,NR,30636644
GCST007600,Alzheimer's disease,rs6838792,STK32B,2e-06,NR,30636644
GCST007600,Alzheimer's disease,rs2298369,LINC00515;MRPL39,4e-07,NR,30636644
GCST007600,Alzheimer's disease,rs4961664,C9orf92,4e-06,NR,30636644
GCST007600,Alzheimer's disease,rs10794342,AP2A2,4e-06,NR,30636644
GCST007600,Alzheimer's disease,rs6859,PVRL2,6.000000000000001e-13,0.42469,30636644
GCST007600,Alzheimer's disease,rs7259620,TOMM40,6e-16,0.568643,30636644
GCST007600,Alzheimer's disease,rs1160985,TOMM40,4e-16,0.564781,30636644
GCST007600,Alzheimer's disease,rs1172922,SYK,4.9999999999999996e-06,0.117523,30636644
GCST007600,Alzheimer's disease,rs405509,APOE,4e-14,0.49585,30636644
GCST007600,Alzheimer's disease,rs769450,APOE,3.0000000000000003e-13,0.614728,30636644
GCST007600,Alzheimer's disease,rs8106922,TOMM40,6e-14,0.618134,30636644
GCST007600,Alzheimer's disease,rs7412,APOE,1e-07,0.9279,30636644
GCST007600,Alzheimer's disease,rs1160985,TOMM40,3.0000000000000004e-08,0.563262,30636644
GCST007600,Alzheimer's disease,rs405509,APOE,1e-08,0.498083,30636644
GCST007600,Alzheimer's disease,rs6859,PVRL2,1e-09,0.433641,30636644
GCST007600,Alzheimer's disease,rs7259620,TOMM40,2e-09,0.567196,30636644
GCST007600,Alzheimer's disease,rs5969117,KLHL4,1e-06,0.295488,30636644
GCST007600,Alzheimer's disease,rs769450,APOE,2e-07,0.610827,30636644
GCST007600,Alzheimer's disease,rs8106922,TOMM40,6.000000000000001e-08,0.611921,30636644
GCST007600,Alzheimer's disease,rs10426423,PVRL2,3e-06,0.620314,30636644
GCST007600,Alzheimer's disease,rs1871047,PVRL2,2e-06,0.619781,30636644
GCST007600,Alzheimer's disease,rs440277,PVRL2,2e-07,0.691681,30636644
GCST007600,Alzheimer's disease,rs769450,APOE,6e-19,0.61311,30636644
GCST007600,Alzheimer's disease,rs6859,PVRL2,2e-21,0.428373,30636644
GCST007600,Alzheimer's disease,rs405509,APOE,2e-21,0.496776,30636644
GCST007600,Alzheimer's disease,rs8106922,TOMM40,2e-20,0.615581,30636644
GCST007600,Alzheimer's disease,rs1160985,TOMM40,1e-22,0.564132,30636644
GCST007600,Alzheimer's disease,rs7259620,TOMM40,2e-23,0.568042,30636644
GCST007600,Alzheimer's disease,rs7412,APOE,4e-13,0.928632,30636644
GCST007600,Alzheimer's disease,rs35242772,MIR302F,1e-06,0.356238,30636644
GCST007600,Alzheimer's disease,rs912322,MYO16,1e-06,0.73251,30636644
GCST007600,Alzheimer's disease,rs283814,PVRL2,9e-06,0.933446,30636644
GCST007600,Alzheimer's disease,rs77657034,MAP4K4,4.9999999999999996e-06,0.9924,30636644
GCST007600,Alzheimer's disease,rs483082,APOC1,1e-37,0.734105,30636644
GCST007600,Alzheimer's disease,rs283815,PVRL2,9e-23,0.753336,30636644
GCST007600,Alzheimer's disease,rs483082,APOC1,1e-62,0.738441,30636644
GCST009021,Alzheimer's disease,rs11218343,SORL1,1e-10,NR,31473137
GCST009021,Alzheimer's disease,rs2732703,MAPT,1e-07,NR,31473137
GCST009021,Alzheimer's disease,rs9331896,CLU,6.0000000000000005e-15,NR,31473137
GCST009021,Alzheimer's disease,rs10792832,PICALM,4e-18,NR,31473137
GCST009021,Alzheimer's disease,rs983392,MS4A2,9e-13,NR,31473137
GCST009021,Alzheimer's disease,rs11771145,EPHA1,5e-10,NR,31473137
GCST009021,Alzheimer's disease,rs10498633,SLC2A4A;RIN3,1e-06,NR,31473137
GCST009021,Alzheimer's disease,rs3865444,CD33,4e-08,NR,31473137
GCST009021,Alzheimer's disease,rs190982,MEF2C,4e-06,NR,31473137
GCST009021,Alzheimer's disease,rs1476679,ZCWPW1,2e-06,NR,31473137
GCST009021,Alzheimer's disease,rs2718058,NME8,2e-06,NR,31473137
GCST009021,Alzheimer's disease,rs10838725,CELF1,3e-06,NR,31473137
GCST009021,Alzheimer's disease,rs9271192,HLA-DRB5,5e-07,NR,31473137
GCST009021,Alzheimer's disease,rs28834970,PTK2B,6.000000000000001e-09,NR,31473137
GCST009021,Alzheimer's disease,rs10948363,CD2AP,5e-09,NR,31473137
GCST009021,Alzheimer's disease,rs4147929,ABCA7,3.0000000000000004e-09,NR,31473137
GCST009021,Alzheimer's disease,rs6656401,CR1,2e-14,NR,31473137
GCST009021,Alzheimer's disease,rs6733839,BIN1,3.0000000000000003e-30,NR,31473137
GCST009021,Alzheimer's disease,rs10098778,TP53INP1;NDUFAF6,2e-08,NR,31473137
GCST009021,Alzheimer's disease,rs7225151,SCIMP,1e-08,NR,31473137
GCST006121,Alzheimer's disease,rs2075650,TOMM40,2e-07,NR,29107063
GCST009020,Alzheimer's disease,rs429358,APOE,1e-62,0.17,31473137
GCST009019,Alzheimer's disease,rs6733839,BIN1,5e-20,NR,31473137
GCST009019,Alzheimer's disease,rs983392,MS4A2,5e-08,NR,31473137
GCST009019,Alzheimer's disease,rs10792832,PICALM,2e-11,NR,31473137
GCST009019,Alzheimer's disease,rs429358,APOE,2e-303,NR,31473137
GCST009019,Alzheimer's disease,rs3865444,CD33,7e-06,NR,31473137
GCST009019,Alzheimer's disease,rs4704171,ANKRD31,1e-08,NR,31473137
GCST90013665,Alzheimer's disease,rs429358,,3e-07,0.2968,33223526
GCST012215,Alzheimer's disease,rs920608,FAM47E,5e-09,0.046,33654092
GCST012215,Alzheimer's disease,rs17249850,BANK1,4e-06,0.016,33654092
GCST012215,Alzheimer's disease,rs4073601,LINC00899,7e-06,0.14,33654092
GCST012214,Alzheimer's disease,rs7195572,MTSS1L,9e-08,NR,33654092
GCST012214,Alzheimer's disease,rs7618668,CLEC3B,4.9999999999999996e-06,NR,33654092
GCST012214,Alzheimer's disease,rs905450,EFL1,6e-06,NR,33654092
GCST012214,Alzheimer's disease,rs9520713,FAM155A,4e-06,NR,33654092
GCST012214,Alzheimer's disease,rs9787911,NTM,4e-06,NR,33654092
GCST012214,Alzheimer's disease,rs1497525,OR2B2,2e-08,NR,33654092
GCST012214,Alzheimer's disease,rs7311672,C1S,3e-06,NR,33654092
GCST012214,Alzheimer's disease,rs10748526,TSPAN14,4e-06,NR,33654092
GCST011696,Alzheimer's disease,rs168193,EDEM1,9e-07,NR,33074286
GCST011696,Alzheimer's disease,rs2633682,ALCAM,9e-07,NR,33074286
GCST011696,Alzheimer's disease,rs9516245,GPC6,4e-07,NR,33074286
GCST011696,Alzheimer's disease,rs3745495,VRK3,4e-07,NR,33074286
GCST011696,Alzheimer's disease,rs115684722,SIPA1L2,6e-07,NR,33074286
GCST011696,Alzheimer's disease,rs184179037,WDR70,2e-07,NR,33074286
GCST011696,Alzheimer's disease,rs569584007,API5,9e-08,NR,33074286
GCST011696,Alzheimer's disease,rs115816806,ACER3,5e-07,NR,33074286
GCST011696,Alzheimer's disease,rs75739461,PIK3C2G,1e-06,NR,33074286
GCST011696,Alzheimer's disease,rs570487962,ARRDC4;IGF1R,2e-09,NR,33074286
GCST011696,Alzheimer's disease,rs79537509,RBFOX1,5e-07,NR,33074286
GCST011696,Alzheimer's disease,rs145848414,NSG2;MSX2,2e-06,NR,33074286
GCST011696,Alzheimer's disease,rs115550680,ABCA7,4e-07,NR,33074286
GCST011696,Alzheimer's disease,rs157591,APOE,2e-25,NR,33074286
GCST011696,Alzheimer's disease,rs112404845,COBL,4.9999999999999996e-06,0.008,33074286
GCST90038451,Alzheimer's disease,rs429358,,5e-122,0.226,34122051
GCST90038451,Alzheimer's disease,rs440446,,7e-25,0.321,34122051
GCST90038451,Alzheimer's disease,rs4803764,,6e-17,0.279,34122051
GCST90038451,Alzheimer's disease,rs7412,,6.0000000000000005e-15,0.056,34122051
GCST90038451,Alzheimer's disease,rs6859,,1e-13,0.461,34122051
GCST90038451,Alzheimer's disease,rs28399664,,3.0000000000000004e-09,0.016,34122051
GCST90038451,Alzheimer's disease,rs138607350,,3.0000000000000004e-08,0.013,34122051
GCST90038451,Alzheimer's disease,rs449647,,4e-08,0.117,34122051
GCST90038452,Alzheimer's disease,rs6431220,,5e-10,0.24,34122051
GCST90038452,Alzheimer's disease,rs4748424,,3.0000000000000004e-09,0.21,34122051
GCST90038452,Alzheimer's disease,rs429358,,2e-215,0.216,34122051
GCST90038452,Alzheimer's disease,rs405509,,3e-38,0.478,34122051
GCST90038452,Alzheimer's disease,rs7412,,2e-31,0.057,34122051
GCST90038452,Alzheimer's disease,rs6859,,5e-27,0.459,34122051
GCST90038452,Alzheimer's disease,rs28399637,,4e-25,0.281,34122051
GCST90038452,Alzheimer's disease,rs11668327,,4e-20,0.127,34122051
GCST90038452,Alzheimer's disease,rs60049679,,6.0000000000000005e-15,0.035,34122051
GCST90038452,Alzheimer's disease,rs28399664,,1e-13,0.016,34122051
GCST90038452,Alzheimer's disease,rs2927468,,1e-12,0.448,34122051
GCST90038452,Alzheimer's disease,rs8103315,,8e-11,0.119,34122051
GCST90038452,Alzheimer's disease,rs2967668,,2e-09,0.094,34122051
GCST90038452,Alzheimer's disease,rs111371860,,6.000000000000001e-09,0.04,34122051
GCST90038452,Alzheimer's disease,rs138607350,,9.000000000000001e-09,0.011,34122051
GCST90038452,Alzheimer's disease,rs10409808,,1e-08,0.263,34122051
GCST90038452,Alzheimer's disease,rs2927439,,1e-08,0.327,34122051
GCST90038452,Alzheimer's disease,rs74846209,,3.0000000000000004e-08,0.097,34122051
GCST90038452,Alzheimer's disease,rs79701229,,3.0000000000000004e-08,0.005,34122051
GCST012182,Alzheimer's disease,rs12444183,PLCG2,7e-12,0.378,34099642
GCST012182,Alzheimer's disease,rs17645935,NR,9e-08,0.801,34099642
GCST012182,Alzheimer's disease,rs1892676,NR,7e-08,0.341,34099642
GCST012182,Alzheimer's disease,rs2154481,APP,1e-11,0.462,34099642
GCST012182,Alzheimer's disease,rs3109899,NR,3e-06,0.226,34099642
GCST012182,Alzheimer's disease,rs35139934,NR,3.0000000000000004e-08,0.0858,34099642
GCST012182,Alzheimer's disease,rs4351014,HS3ST1,9e-12,0.719,34099642
GCST012182,Alzheimer's disease,rs4985556,IL34,4e-10,0.117,34099642
GCST012182,Alzheimer's disease,rs7153315,ELK2AP,9e-07,0.735,34099642
GCST012182,Alzheimer's disease,rs72835061,CHRNE,2e-10,0.098,34099642
GCST012182,Alzheimer's disease,rs7342692,NR,6.000000000000001e-09,0.095,34099642
GCST012182,Alzheimer's disease,rs77501143,NR,2e-06,0.068,34099642
GCST012182,Alzheimer's disease,rs79832570,NR,4e-13,0.097,34099642
GCST012182,Alzheimer's disease,rs876461,PRKD3;NDUFAF7,1e-09,0.127,34099642
GCST90026487,Alzheimer's disease,rs429358,,4.9999999999999994e-36,NR,34336000
GCST90026487,Alzheimer's disease,rs2075650,,7e-17,NR,34336000
GCST90399478,Alzheimer's disease,rs2820864,,8e-06,0.6484,37985413
GCST90399478,Alzheimer's disease,rs36039096,,3e-06,0.8306,37985413
GCST90399478,Alzheimer's disease,rs35392935,,4.9999999999999996e-06,0.0249,37985413
GCST90399478,Alzheimer's disease,rs7595509,,3e-06,0.3055,37985413
GCST90399478,Alzheimer's disease,rs12465126,,2e-06,0.6942,37985413
GCST90399478,Alzheimer's disease,rs553467,,5e-07,0.701,37985413
GCST90399478,Alzheimer's disease,rs29745,,8e-06,0.8946,37985413
GCST90399478,Alzheimer's disease,rs7016182,,4e-06,0.8344,37985413
GCST90399478,Alzheimer's disease,rs74457370,,1e-06,0.9023,37985413
GCST90399478,Alzheimer's disease,rs2805792,,1e-05,0.1763,37985413
GCST90399478,Alzheimer's disease,rs57464688,,7e-06,0.0473,37985413
GCST90399478,Alzheimer's disease,rs9566005,,9e-06,0.8661,37985413
GCST90399478,Alzheimer's disease,rs949937,,6e-06,0.8528,37985413
GCST90399478,Alzheimer's disease,rs8103283,,8e-06,0.2107,37985413
GCST90399478,Alzheimer's disease,rs34532322,,1e-06,0.2698,37985413
GCST90399479,Alzheimer's disease,rs141749679,,4.9999999999999996e-06,NR,37985413
GCST90399479,Alzheimer's disease,rs679515,,8.999999999999999e-34,NR,37985413
GCST90399479,Alzheimer's disease,rs17020490,,5e-07,NR,37985413
GCST90399479,Alzheimer's disease,rs143080277,,1e-10,NR,37985413
GCST90399479,Alzheimer's disease,rs6733839,,4e-90,NR,37985413
GCST90399479,Alzheimer's disease,rs139643391,,6e-07,NR,37985413
GCST90399479,Alzheimer's disease,rs10933431,,1e-18,NR,37985413
GCST90399479,Alzheimer's disease,rs16824536,,4e-06,NR,37985413
GCST90399479,Alzheimer's disease,rs61762319,,2e-08,NR,37985413
GCST90399479,Alzheimer's disease,rs3822030,,6e-10,NR,37985413
GCST90399479,Alzheimer's disease,rs6846529,,1e-13,NR,37985413
GCST90399479,Alzheimer's disease,rs2245466,,5e-07,NR,37985413
GCST90399479,Alzheimer's disease,rs112403360,,4.9999999999999996e-06,NR,37985413
GCST90399479,Alzheimer's disease,rs62374257,,2e-13,NR,37985413
GCST90399479,Alzheimer's disease,rs871269,,4e-06,NR,37985413
GCST90399479,Alzheimer's disease,rs113706587,,4e-13,NR,37985413
GCST90399479,Alzheimer's disease,rs6605556,,2e-17,NR,37985413
GCST90399479,Alzheimer's disease,rs143332484,,4e-19,NR,37985413
GCST90399479,Alzheimer's disease,rs75932628,,5e-28,NR,37985413
GCST90399479,Alzheimer's disease,rs60755019,,5e-08,NR,37985413
GCST90399479,Alzheimer's disease,rs7767350,,4e-12,NR,37985413
GCST90399479,Alzheimer's disease,rs785129,,2e-07,NR,37985413
GCST90399479,Alzheimer's disease,rs6943429,,2e-07,NR,37985413
GCST90399479,Alzheimer's disease,rs10952097,,2e-07,NR,37985413
GCST90399479,Alzheimer's disease,rs13237518,,4e-07,NR,37985413
GCST90399479,Alzheimer's disease,rs1160871,,1e-07,NR,37985413
GCST90399479,Alzheimer's disease,rs6966331,,7e-06,NR,37985413
GCST90399479,Alzheimer's disease,rs76928645,,2e-08,NR,37985413
GCST90399479,Alzheimer's disease,rs7384878,,1e-18,NR,37985413
GCST90399479,Alzheimer's disease,rs11771145,,1e-12,NR,37985413
GCST90399479,Alzheimer's disease,rs1065712,,7.000000000000001e-09,NR,37985413
GCST90399479,Alzheimer's disease,rs73223431,,2e-14,NR,37985413
GCST90399479,Alzheimer's disease,rs11787077,,6e-34,NR,37985413
GCST90399479,Alzheimer's disease,rs34173062,,1e-11,NR,37985413
GCST90399479,Alzheimer's disease,rs1800978,,4e-08,NR,37985413
GCST90399479,Alzheimer's disease,rs7912495,,3e-12,NR,37985413
GCST90399479,Alzheimer's disease,rs7068231,,6.000000000000001e-09,NR,37985413
GCST90399479,Alzheimer's disease,rs6586028,,4e-14,NR,37985413
GCST90399479,Alzheimer's disease,rs6584063,,2e-07,NR,37985413
GCST90399479,Alzheimer's disease,rs7908662,,3e-06,NR,37985413
GCST90399479,Alzheimer's disease,rs10437655,,6e-12,NR,37985413
GCST90399479,Alzheimer's disease,rs1582763,,2.9999999999999996e-24,NR,37985413
GCST90399479,Alzheimer's disease,rs3851179,,1e-35,NR,37985413
GCST90399479,Alzheimer's disease,rs74685827,,9e-11,NR,37985413
GCST90399479,Alzheimer's disease,rs11218343,,1e-14,NR,37985413
GCST90399479,Alzheimer's disease,rs6489896,,2e-06,NR,37985413
GCST90399479,Alzheimer's disease,rs17125924,,3e-10,NR,37985413
GCST90399479,Alzheimer's disease,rs7401792,,4.9999999999999996e-06,NR,37985413
GCST90399479,Alzheimer's disease,rs12590654,,2e-15,NR,37985413
GCST90399479,Alzheimer's disease,rs7157106,,1e-07,NR,37985413
GCST90399479,Alzheimer's disease,rs8025980,,4.9999999999999996e-06,NR,37985413
GCST90399479,Alzheimer's disease,rs602602,,6e-12,NR,37985413
GCST90399479,Alzheimer's disease,rs117618017,,2.9999999999999995e-21,NR,37985413
GCST90399479,Alzheimer's disease,rs3848143,,9e-07,NR,37985413
GCST90399479,Alzheimer's disease,rs12592898,,9e-07,NR,37985413
GCST90399479,Alzheimer's disease,rs1140239,,2e-12,NR,37985413
GCST90399479,Alzheimer's disease,rs889555,,9e-10,NR,37985413
GCST90399479,Alzheimer's disease,rs4985556,,4.9999999999999996e-06,NR,37985413
GCST90399479,Alzheimer's disease,rs450674,,7e-08,NR,37985413
GCST90399479,Alzheimer's disease,rs12446759,,9e-13,NR,37985413
GCST90399479,Alzheimer's disease,rs72824905,,2e-10,NR,37985413
GCST90399479,Alzheimer's disease,rs16941239,,3e-06,NR,37985413
GCST90399479,Alzheimer's disease,rs56407236,,4.9999999999999995e-11,NR,37985413
GCST90399479,Alzheimer's disease,rs35048651,,5e-07,NR,37985413
GCST90399479,Alzheimer's disease,rs7225151,,3e-12,NR,37985413
GCST90399479,Alzheimer's disease,rs2242595,,2e-06,NR,37985413
GCST90399479,Alzheimer's disease,rs5848,,8e-13,NR,37985413
GCST90399479,Alzheimer's disease,rs199515,,7.000000000000001e-09,NR,37985413
GCST90399479,Alzheimer's disease,rs2526377,,4e-08,NR,37985413
GCST90399479,Alzheimer's disease,rs4277405,,9e-16,NR,37985413
GCST90399479,Alzheimer's disease,rs616338,,2e-13,NR,37985413
GCST90399479,Alzheimer's disease,rs12151021,,9e-31,NR,37985413
GCST90399479,Alzheimer's disease,rs149080927,,6.000000000000001e-09,NR,37985413
GCST90399479,Alzheimer's disease,rs9304690,,4e-06,NR,37985413
GCST90399479,Alzheimer's disease,rs587709,,2e-08,NR,37985413
GCST90399479,Alzheimer's disease,rs1358782,,3e-06,NR,37985413
GCST90399479,Alzheimer's disease,rs6014724,,8e-17,NR,37985413
GCST90399479,Alzheimer's disease,rs6742,,2e-06,NR,37985413
GCST90399479,Alzheimer's disease,rs2154481,,1e-09,NR,37985413
GCST90399479,Alzheimer's disease,rs2830489,,2e-09,NR,37985413
GCST90399479,Alzheimer's disease,rs10169262,,5e-08,0.202,37985413
GCST90399479,Alzheimer's disease,rs376291994,,4e-08,0.997,37985413
GCST90399479,Alzheimer's disease,rs1531681,,4e-08,0.579,37985413
GCST90399479,Alzheimer's disease,rs115038899,,3.0000000000000004e-08,0.185,37985413
GCST90399479,Alzheimer's disease,rs11849532,,5e-08,0.131,37985413
GCST90399479,Alzheimer's disease,rs61392417,,4e-08,0.632,37985413
GCST90027158,Alzheimer's disease,rs141749679,,8e-09,0.00380000000000003,35379992
GCST90027158,Alzheimer's disease,rs679515,,7e-46,0.1877,35379992
GCST90027158,Alzheimer's disease,rs72777026,,3.0000000000000004e-08,0.1436,35379992
GCST90027158,Alzheimer's disease,rs17020490,,3.0000000000000004e-09,0.1446,35379992
GCST90027158,Alzheimer's disease,rs143080277,,2e-13,0.00509999999999999,35379992
GCST90027158,Alzheimer's disease,rs6733839,,5.9999999999999995e-118,0.3891,35379992
GCST90027158,Alzheimer's disease,rs139643391,,1e-08,0.1311,35379992
GCST90027158,Alzheimer's disease,rs10933431,,4e-18,0.2343,35379992
GCST90027158,Alzheimer's disease,rs16824536,,4e-08,0.0542,35379992
GCST90027158,Alzheimer's disease,rs61762319,,2e-11,0.0263,35379992
GCST90027158,Alzheimer's disease,rs3822030,,8e-12,0.4288,35379992
GCST90027158,Alzheimer's disease,rs6846529,,2e-17,0.2826,35379992
GCST90027158,Alzheimer's disease,rs2245466,,1e-09,0.3431,35379992
GCST90027158,Alzheimer's disease,rs112403360,,2e-09,0.0727,35379992
GCST90027158,Alzheimer's disease,rs62374257,,1e-15,0.2295,35379992
GCST90027158,Alzheimer's disease,rs871269,,9.000000000000001e-09,0.3264,35379992
GCST90027158,Alzheimer's disease,rs113706587,,2e-16,0.1103,35379992
GCST90027158,Alzheimer's disease,rs6605556,,7e-20,0.1613,35379992
GCST90027158,Alzheimer's disease,rs10947943,,1e-09,0.142,35379992
GCST90027158,Alzheimer's disease,rs143332484,,3.0000000000000002e-25,0.0126,35379992
GCST90027158,Alzheimer's disease,rs75932628,,3e-37,0.0031,35379992
GCST90027158,Alzheimer's disease,rs60755019,,2e-08,0.00419999999999998,35379992
GCST90027158,Alzheimer's disease,rs7767350,,8e-22,0.2709,35379992
GCST90027158,Alzheimer's disease,rs785129,,2e-09,0.3502,35379992
GCST90027158,Alzheimer's disease,rs6943429,,1e-10,0.4205,35379992
GCST90027158,Alzheimer's disease,rs10952097,,7.000000000000001e-09,0.1136,35379992
GCST90027158,Alzheimer's disease,rs13237518,,4.9999999999999995e-11,0.4115,35379992
GCST90027158,Alzheimer's disease,rs1160871,,1e-08,0.2223,35379992
GCST90027158,Alzheimer's disease,rs6966331,,5e-10,0.3494,35379992
GCST90027158,Alzheimer's disease,rs76928645,,2e-10,0.1033,35379992
GCST90027158,Alzheimer's disease,rs7384878,,1e-26,0.31,35379992
GCST90027158,Alzheimer's disease,rs11771145,,3e-14,0.3476,35379992
GCST90027158,Alzheimer's disease,rs1065712,,2e-09,0.053,35379992
GCST90027158,Alzheimer's disease,rs73223431,,4e-22,0.3694,35379992
GCST90027158,Alzheimer's disease,rs11787077,,2e-44,0.392,35379992
GCST90027158,Alzheimer's disease,rs34173062,,2e-16,0.0814,35379992
GCST90027158,Alzheimer's disease,rs1800978,,2e-09,0.13,35379992
GCST90027158,Alzheimer's disease,rs7912495,,1e-18,0.4619,35379992
GCST90027158,Alzheimer's disease,rs7068231,,3.0000000000000003e-13,0.4026,35379992
GCST90027158,Alzheimer's disease,rs6586028,,2e-19,0.1964,35379992
GCST90027158,Alzheimer's disease,rs6584063,,6.999999999999999e-11,0.0435,35379992
GCST90027158,Alzheimer's disease,rs7908662,,3.0000000000000004e-09,0.4674,35379992
GCST90027158,Alzheimer's disease,rs10437655,,5e-14,0.3987,35379992
GCST90027158,Alzheimer's disease,rs1582763,,4e-42,0.371,35379992
GCST90027158,Alzheimer's disease,rs3851179,,3e-48,0.3584,35379992
GCST90027158,Alzheimer's disease,rs74685827,,3e-11,0.0185999999999999,35379992
GCST90027158,Alzheimer's disease,rs11218343,,1e-21,0.039,35379992
GCST90027158,Alzheimer's disease,rs6489896,,2e-09,0.0764,35379992
GCST90027158,Alzheimer's disease,rs17125924,,8e-16,0.0891999999999999,35379992
GCST90027158,Alzheimer's disease,rs7401792,,5e-08,0.3709,35379992
GCST90027158,Alzheimer's disease,rs12590654,,4e-21,0.3279,35379992
GCST90027158,Alzheimer's disease,rs7157106,,2e-08,0.3605,35379992
GCST90027158,Alzheimer's disease,rs10131280,,4e-10,0.1325,35379992
GCST90027158,Alzheimer's disease,rs8025980,,1e-08,0.3448,35379992
GCST90027158,Alzheimer's disease,rs602602,,2e-15,0.2795,35379992
GCST90027158,Alzheimer's disease,rs117618017,,2e-25,0.1439,35379992
GCST90027158,Alzheimer's disease,rs3848143,,8e-11,0.2199,35379992
GCST90027158,Alzheimer's disease,rs12592898,,4e-09,0.1327,35379992
GCST90027158,Alzheimer's disease,rs1140239,,3.0000000000000003e-13,0.3789,35379992
GCST90027158,Alzheimer's disease,rs889555,,2e-11,0.281,35379992
GCST90027158,Alzheimer's disease,rs4985556,,6e-10,0.1148,35379992
GCST90027158,Alzheimer's disease,rs450674,,3.0000000000000004e-08,0.3728,35379992
GCST90027158,Alzheimer's disease,rs12446759,,1e-13,0.403,35379992
GCST90027158,Alzheimer's disease,rs72824905,,8e-12,0.00780000000000003,35379992
GCST90027158,Alzheimer's disease,rs16941239,,1e-08,0.0288,35379992
GCST90027158,Alzheimer's disease,rs56407236,,6.0000000000000005e-15,0.0693,35379992
GCST90027158,Alzheimer's disease,rs35048651,,8e-11,0.2137,35379992
GCST90027158,Alzheimer's disease,rs7225151,,4e-13,0.1241,35379992
GCST90027158,Alzheimer's disease,rs2242595,,1e-09,0.1117,35379992
GCST90027158,Alzheimer's disease,rs5848,,2e-20,0.2886,35379992
GCST90027158,Alzheimer's disease,rs199515,,9e-13,0.2194,35379992
GCST90027158,Alzheimer's disease,rs616338,,3e-14,0.0122,35379992
GCST90027158,Alzheimer's disease,rs2526377,,2e-12,0.4449,35379992
GCST90027158,Alzheimer's disease,rs4277405,,8.999999999999999e-20,0.3837,35379992
GCST90027158,Alzheimer's disease,rs12151021,,2e-37,0.3357,35379992
GCST90027158,Alzheimer's disease,rs149080927,,5e-10,0.4802,35379992
GCST90027158,Alzheimer's disease,rs9304690,,5e-09,0.2398,35379992
GCST90027158,Alzheimer's disease,rs587709,,4e-11,0.3251,35379992
GCST90027158,Alzheimer's disease,rs1358782,,2e-08,0.246,35379992
GCST90027158,Alzheimer's disease,rs6014724,,4e-21,0.0898,35379992
GCST90027158,Alzheimer's disease,rs6742,,3.0000000000000004e-09,0.221,35379992
GCST90027158,Alzheimer's disease,rs2154481,,1e-12,0.4764,35379992
GCST90027158,Alzheimer's disease,rs2830489,,2e-10,0.2809,35379992
GCST90027158,Alzheimer's disease,rs11591206,,2e-08,0.3012,35379992
GCST90027158,Alzheimer's disease,rs535347112,,4e-08,0.0013,35379992
GCST90027158,Alzheimer's disease,rs13276936,,2e-09,0.4662,35379992
GCST90027158,Alzheimer's disease,rs138799625,,1e-09,0.0091,35379992
GCST90027158,Alzheimer's disease,rs58840546,,5e-08,0.0632,35379992
GCST90027158,Alzheimer's disease,rs112131072,,2e-09,0.1097,35379992
GCST90444373,Alzheimer's disease,rs150798997,,2e-06,NR,39250132
GCST90444373,Alzheimer's disease,rs12852495,,7e-06,NR,39250132
GCST90444373,Alzheimer's disease,rs2142791,,4e-08,NR,39250132
GCST90444373,Alzheimer's disease,rs209215,,3e-06,NR,39250132
GCST90444373,Alzheimer's disease,rs5975709,,1e-06,NR,39250132
GCST90444373,Alzheimer's disease,rs5930938,,8e-07,NR,39250132
GCST90444373,Alzheimer's disease,rs146964414,,8e-08,NR,39250132
GCST90444374,Alzheimer's disease,rs2142791,,6e-06,NR,39250132
GCST90444374,Alzheimer's disease,rs146964414,,1e-06,NR,39250132
GCST90444375,Alzheimer's disease,rs12852495,,8e-06,NR,39250132
GCST90444376,Alzheimer's disease,rs2142791,,7e-07,NR,39250132
GCST90451696,Alzheimer's disease,rs11183403,,3e-07,0.34,39295643
GCST90451696,Alzheimer's disease,rs429358,,1e-07,0.13,39295643
GCST90134416,Alzheimer's disease,rs1338764,,3.0000000000000004e-09,NR,35770850
GCST90134416,Alzheimer's disease,rs116668122,,2e-09,NR,35770850
GCST90134416,Alzheimer's disease,rs34673573,,1e-07,NR,35770850
GCST90134416,Alzheimer's disease,rs34710518,,1e-10,NR,35770850
GCST90134416,Alzheimer's disease,rs6555748,,4e-08,NR,35770850
GCST90134416,Alzheimer's disease,rs36076521,,4e-08,NR,35770850
GCST90134416,Alzheimer's disease,rs972600,,3.0000000000000004e-09,NR,35770850
GCST90134416,Alzheimer's disease,rs6978419,,3.0000000000000004e-09,NR,35770850
GCST90134416,Alzheimer's disease,rs372758,,3.0000000000000004e-09,NR,35770850
GCST90134416,Alzheimer's disease,rs12256016,,2e-14,0.097,35770850
GCST90134416,Alzheimer's disease,rs72838408,,3.0000000000000004e-09,NR,35770850
GCST90134416,Alzheimer's disease,rs12785292,,1e-09,NR,35770850
GCST90134416,Alzheimer's disease,rs76970324,,4e-08,NR,35770850
GCST90134416,Alzheimer's disease,rs7301563,,4e-08,NR,35770850
GCST90134416,Alzheimer's disease,rs896559,,8e-10,NR,35770850
GCST90134416,Alzheimer's disease,rs11246969,,8e-10,NR,35770850
GCST90134416,Alzheimer's disease,rs61950331,,4e-08,NR,35770850
GCST90134416,Alzheimer's disease,rs7155666,,8e-10,NR,35770850
GCST90134416,Alzheimer's disease,rs150987621,,5e-08,NR,35770850
GCST90134416,Alzheimer's disease,rs2457270,,5e-08,NR,35770850
GCST90134416,Alzheimer's disease,rs2358973,,5e-08,NR,35770850
GCST90134416,Alzheimer's disease,rs2345589,,4e-08,NR,35770850
GCST90244027,Alzheimer's disease,rs148377161,,1e-06,NR,35694926
GCST90244027,Alzheimer's disease,rs429358,,2e-10,NR,35694926
GCST90244028,Alzheimer's disease,rs140076909,,4e-08,NR,35694926
GCST90244028,Alzheimer's disease,rs117803234,,7e-08,NR,35694926
GCST90244026,Alzheimer's disease,rs429358,,9e-14,0.1099,35694926
GCST90244026,Alzheimer's disease,rs148377161,,2e-08,0.0163,35694926
GCST90654647,Alzheimer's disease,chr19:54313903,,2e-06,0.4663,40676597
GCST90654647,Alzheimer's disease,chr20:6885398,,9e-06,0.8116,40676597
GCST90654647,Alzheimer's disease,chr20:56445501,,9e-07,0.9144,40676597
GCST90654647,Alzheimer's disease,chr1:19422908,,8e-06,0.7714,40676597
GCST90654647,Alzheimer's disease,chr1:36839131,,9e-06,0.0133,40676597
GCST90654647,Alzheimer's disease,chr1:65548999,,8e-07,0.0128,40676597
GCST90654647,Alzheimer's disease,chr1:65704355,,7e-06,0.013,40676597
GCST90654647,Alzheimer's disease,chr1:70941519,,7e-06,0.0013,40676597
GCST90654647,Alzheimer's disease,chr1:81201063,,2e-06,0.9631,40676597
GCST90654647,Alzheimer's disease,chr1:161557131,,3e-06,0.996,40676597
GCST90654647,Alzheimer's disease,chr1:207577223,,7e-12,0.2031,40676597
GCST90654647,Alzheimer's disease,chr1:232829669,,9e-07,0.0049,40676597
GCST90654647,Alzheimer's disease,chr1:241144258,,9e-06,0.0022,40676597
GCST90654647,Alzheimer's disease,chr1:245926892,,5e-07,0.1219,40676597
GCST90654647,Alzheimer's disease,chr2:127135234,,5.0000000000000005e-25,0.402,40676597
GCST90654647,Alzheimer's disease,chr3:11269503,,9e-06,0.0018,40676597
GCST90654647,Alzheimer's disease,chr3:21889939,,4e-06,0.0029,40676597
GCST90654647,Alzheimer's disease,chr3:30499733,,6e-06,0.6543,40676597
GCST90654647,Alzheimer's disease,chr3:101856153,,4.9999999999999996e-06,0.0122,40676597
GCST90654647,Alzheimer's disease,chr4:11046784,,4.9999999999999996e-06,0.9003,40676597
GCST90654647,Alzheimer's disease,chr4:39029574,,4e-06,0.0209,40676597
GCST90654647,Alzheimer's disease,chr5:93712912,,3.0000000000000004e-08,0.9933,40676597
GCST90654647,Alzheimer's disease,chr5:93840194,,3.0000000000000004e-08,0.9933,40676597
GCST90654647,Alzheimer's disease,chr5:93987301,,2e-08,0.9933,40676597
GCST90654647,Alzheimer's disease,chr5:94163462,,1e-08,0.0065,40676597
GCST90654647,Alzheimer's disease,chr5:94274481,,6e-06,0.996,40676597
GCST90654647,Alzheimer's disease,chr5:117710746,,4e-06,0.0843,40676597
GCST90654647,Alzheimer's disease,chr5:119985862,,9e-06,0.9974,40676597
GCST90654647,Alzheimer's disease,chr5:147341640,,3e-06,0.0043,40676597
GCST90654647,Alzheimer's disease,chr5:147620992,,3e-07,0.0043,40676597
GCST90654647,Alzheimer's disease,chr5:147725915,,9e-06,0.9959,40676597
GCST90654647,Alzheimer's disease,chr5:149169548,,8e-06,0.3616,40676597
GCST90654647,Alzheimer's disease,chr5:181150762,,7e-06,0.015,40676597
GCST90654647,Alzheimer's disease,chr6:32426321,,7e-06,0.4291,40676597
GCST90654647,Alzheimer's disease,chr6:32610432,,1e-06,0.7147,40676597
GCST90654647,Alzheimer's disease,chr6:40758149,,6e-06,0.9947,40676597
GCST90654647,Alzheimer's disease,chr6:40858651,,8e-09,0.0064,40676597
GCST90654647,Alzheimer's disease,chr6:40974457,,3e-12,0.0076,40676597
GCST90654647,Alzheimer's disease,chr6:41161514,,1e-13,0.0073,40676597
GCST90654647,Alzheimer's disease,chr6:47464901,,4e-08,0.6182,40676597
GCST90654647,Alzheimer's disease,chr6:47627419,,4e-08,0.3685,40676597
GCST90654647,Alzheimer's disease,chr6:54029468,,4e-06,0.9959,40676597
GCST90654647,Alzheimer's disease,chr6:82074227,,3e-06,0.9824,40676597
GCST90654647,Alzheimer's disease,chr6:162074596,,9e-06,0.9844,40676597
GCST90654647,Alzheimer's disease,chr7:100179799,,7e-06,0.2264,40676597
GCST90654647,Alzheimer's disease,chr7:100295525,,1e-07,0.2535,40676597
GCST90654647,Alzheimer's disease,chr7:100494172,,6e-07,0.3037,40676597
GCST90654647,Alzheimer's disease,chr7:110819666,,8e-07,0.5239,40676597
GCST90654647,Alzheimer's disease,chr7:157425818,,6e-06,0.1243,40676597
GCST90654647,Alzheimer's disease,chr8:27362470,,4e-08,0.3626,40676597
GCST90654647,Alzheimer's disease,chr8:27472579,,8e-09,0.2249,40676597
GCST90654647,Alzheimer's disease,chr8:27610986,,2e-06,0.6031,40676597
GCST90654647,Alzheimer's disease,chr8:66350410,,1e-06,0.0862,40676597
GCST90654647,Alzheimer's disease,chr8:127121872,,1e-06,0.2729,40676597
GCST90654647,Alzheimer's disease,chr8:144103704,,1e-07,0.0859,40676597
GCST90654647,Alzheimer's disease,chr9:6191397,,2e-06,0.0014,40676597
GCST90654647,Alzheimer's disease,chr9:121781053,,7e-06,0.0076,40676597
GCST90654647,Alzheimer's disease,chr10:679803,,9e-06,0.0622,40676597
GCST90654647,Alzheimer's disease,chr10:11678309,,3.0000000000000004e-08,0.6124,40676597
GCST90654647,Alzheimer's disease,chr10:12840083,,6e-06,0.0018,40676597
GCST90654647,Alzheimer's disease,chr10:15426256,,8e-06,0.8514,40676597
GCST90654647,Alzheimer's disease,chr10:30929691,,6e-07,0.1926,40676597
GCST90654647,Alzheimer's disease,chr10:31097914,,2e-06,0.1832,40676597
GCST90654647,Alzheimer's disease,chr10:121163455,,4.9999999999999996e-06,0.9946,40676597
GCST90654647,Alzheimer's disease,chr11:24598126,,4e-06,0.7784,40676597
GCST90654647,Alzheimer's disease,chr11:41711471,,1e-06,0.1678,40676597
GCST90654647,Alzheimer's disease,chr11:47370563,,1e-06,0.6606,40676597
GCST90654647,Alzheimer's disease,chr11:47474194,,2e-06,0.3449,40676597
GCST90654647,Alzheimer's disease,chr11:47584931,,6e-07,0.346,40676597
GCST90654647,Alzheimer's disease,chr11:47703754,,3e-06,0.3355,40676597
GCST90654647,Alzheimer's disease,chr11:47841567,,4.9999999999999996e-06,0.3377,40676597
GCST90654647,Alzheimer's disease,chr11:60139499,,3e-11,0.3973,40676597
GCST90654647,Alzheimer's disease,chr11:60254475,,4e-14,0.366,40676597
GCST90654647,Alzheimer's disease,chr11:68880484,,3e-06,0.0016,40676597
GCST90654647,Alzheimer's disease,chr11:85970540,,2e-10,0.3134,40676597
GCST90654647,Alzheimer's disease,chr11:86120499,,3e-12,0.6692,40676597
GCST90654647,Alzheimer's disease,chr11:102487117,,3e-06,0.0857,40676597
GCST90654647,Alzheimer's disease,chr11:121564878,,3.0000000000000004e-08,0.9612,40676597
GCST90654647,Alzheimer's disease,chr12:16418195,,1e-05,0.0649,40676597
GCST90654647,Alzheimer's disease,chr12:40603012,,3e-06,0.0036,40676597
GCST90654647,Alzheimer's disease,chr12:42456913,,9e-06,0.0036,40676597
GCST90654647,Alzheimer's disease,chr12:72931481,,8e-06,0.997,40676597
GCST90654647,Alzheimer's disease,chr12:118170634,,1e-06,0.1122,40676597
GCST90654647,Alzheimer's disease,chr12:118338333,,9e-06,0.1571,40676597
GCST90654647,Alzheimer's disease,chr13:27952805,,2e-06,0.0087,40676597
GCST90654647,Alzheimer's disease,chr13:72148024,,4.9999999999999996e-06,0.9972,40676597
GCST90654647,Alzheimer's disease,chr14:52715486,,9e-06,0.005,40676597
GCST90654647,Alzheimer's disease,chr14:92472511,,2e-06,0.3313,40676597
GCST90654647,Alzheimer's disease,chr14:100146315,,8e-07,0.0054,40676597
GCST90654647,Alzheimer's disease,chr14:100247132,,5e-07,0.9942,40676597
GCST90654647,Alzheimer's disease,chr15:26987820,,9e-06,0.0131,40676597
GCST90654647,Alzheimer's disease,chr15:50374277,,1e-06,0.9875,40676597
GCST90654647,Alzheimer's disease,chr15:58701202,,7e-06,0.8617,40676597
GCST90654647,Alzheimer's disease,chr15:63277703,,7e-06,0.1379,40676597
GCST90654647,Alzheimer's disease,chr15:83601285,,3e-07,0.0309,40676597
GCST90654647,Alzheimer's disease,chr15:83808953,,4.9999999999999996e-06,0.0315,40676597
GCST90654647,Alzheimer's disease,chr16:70662723,,9e-06,0.7811,40676597
GCST90654647,Alzheimer's disease,chr19:1043865,,5e-08,0.4088,40676597
GCST90654647,Alzheimer's disease,chr19:18422832,,6e-06,0.6673,40676597
GCST90654647,Alzheimer's disease,chr19:33914504,,2e-06,0.0035,40676597
GCST90654647,Alzheimer's disease,chr19:44544863,,1e-07,0.0452,40676597
GCST90654647,Alzheimer's disease,chr19:44646342,,3.0000000000000003e-13,0.129,40676597
GCST90654647,Alzheimer's disease,chr19:44746404,,1e-35,0.305,40676597
GCST90654647,Alzheimer's disease,chr19:44908684,,0.0,0.7411,40676597
GCST90654647,Alzheimer's disease,chr19:45019031,,6e-28,0.0189,40676597
GCST90654647,Alzheimer's disease,chr19:45138786,,4e-24,0.1013,40676597
GCST90654647,Alzheimer's disease,chr19:45251981,,9e-07,0.0057,40676597
GCST90654647,Alzheimer's disease,chr19:45356434,,3.0000000000000004e-09,0.0114,40676597
GCST90654647,Alzheimer's disease,chr19:45663169,,1e-06,0.3536,40676597
GCST90654647,Alzheimer's disease,chr19:45765818,,1e-06,0.4419,40676597
GCST90654647,Alzheimer's disease,chr19:45942455,,5e-07,0.996,40676597
GCST90654647,Alzheimer's disease,chr19:51224706,,4e-06,0.3003,40676597
GCST90654657,Alzheimer's disease,chr1:33891730,,8e-06,0.8637,40676597
GCST90654657,Alzheimer's disease,chr1:44665729,,9e-06,0.4823,40676597
GCST90654657,Alzheimer's disease,chr1:59040086,,7e-06,0.0079,40676597
GCST90654657,Alzheimer's disease,chr1:88133294,,6e-06,0.9281,40676597
GCST90654657,Alzheimer's disease,chr1:241045967,,7e-06,0.1748,40676597
GCST90654657,Alzheimer's disease,chr2:14776614,,4.9999999999999996e-06,0.9892,40676597
GCST90654657,Alzheimer's disease,chr2:119266116,,7e-06,0.0171,40676597
GCST90654657,Alzheimer's disease,chr2:144007100,,2e-06,0.8391,40676597
GCST90654657,Alzheimer's disease,chr2:171746438,,3e-06,0.0166,40676597
GCST90654657,Alzheimer's disease,chr2:171984319,,4e-06,0.9751,40676597
GCST90654657,Alzheimer's disease,chr2:223491248,,9e-07,0.8125,40676597
GCST90654657,Alzheimer's disease,chr3:159112756,,4.9999999999999996e-06,0.2057,40676597
GCST90654657,Alzheimer's disease,chr3:172601325,,2e-06,0.9351,40676597
GCST90654657,Alzheimer's disease,chr4:27161654,,4.9999999999999996e-06,0.4393,40676597
GCST90654657,Alzheimer's disease,chr4:93364232,,3e-06,0.9838,40676597
GCST90654657,Alzheimer's disease,chr4:104801967,,6e-07,0.9011,40676597
GCST90654657,Alzheimer's disease,chr4:132011176,,8e-06,0.977,40676597
GCST90654657,Alzheimer's disease,chr4:146559955,,9e-06,0.0108,40676597
GCST90654657,Alzheimer's disease,chr5:41023188,,7e-06,0.9409,40676597
GCST90654657,Alzheimer's disease,chr5:103923238,,3e-06,0.9439,40676597
GCST90654657,Alzheimer's disease,chr5:178942131,,6e-06,0.0111,40676597
GCST90654657,Alzheimer's disease,chr6:1600791,,9e-06,0.0313,40676597
GCST90654657,Alzheimer's disease,chr7:147665013,,5e-07,0.1491,40676597
GCST90654657,Alzheimer's disease,chr7:149214614,,3e-06,0.0103,40676597
GCST90654657,Alzheimer's disease,chr8:66526514,,4e-06,0.0279,40676597
GCST90654657,Alzheimer's disease,chr8:75655059,,9e-07,0.9784,40676597
GCST90654657,Alzheimer's disease,chr8:98346818,,2e-06,0.0088,40676597
GCST90654657,Alzheimer's disease,chr9:18092130,,8e-06,0.0081,40676597
GCST90654657,Alzheimer's disease,chr9:124002703,,9e-06,0.0276,40676597
GCST90654657,Alzheimer's disease,chr10:79290325,,6e-06,0.9006,40676597
GCST90654657,Alzheimer's disease,chr10:123968582,,8e-06,0.9916,40676597
GCST90654657,Alzheimer's disease,chr11:5519433,,9e-06,0.0082,40676597
GCST90654657,Alzheimer's disease,chr11:40069234,,6e-06,0.9234,40676597
GCST90654657,Alzheimer's disease,chr11:56163970,,9e-06,0.0125,40676597
GCST90654657,Alzheimer's disease,chr11:130474092,,9e-06,0.014,40676597
GCST90654657,Alzheimer's disease,chr13:49398495,,2e-06,0.8973,40676597
GCST90654657,Alzheimer's disease,chr13:49591726,,1e-05,0.9788,40676597
GCST90654657,Alzheimer's disease,chr13:67082923,,2e-06,0.9947,40676597
GCST90654657,Alzheimer's disease,chr14:44150610,,6e-06,0.8724,40676597
GCST90654657,Alzheimer's disease,chr14:85759409,,8e-06,0.3041,40676597
GCST90654657,Alzheimer's disease,chr15:44744199,,1e-05,0.3636,40676597
GCST90654657,Alzheimer's disease,chr15:99473074,,1e-06,0.9913,40676597
GCST90654657,Alzheimer's disease,chr16:13831353,,2e-06,0.8428,40676597
GCST90654657,Alzheimer's disease,chr17:4782270,,9e-06,0.0249,40676597
GCST90654657,Alzheimer's disease,chr17:76448969,,7e-06,0.6376,40676597
GCST90654657,Alzheimer's disease,chr19:1001778,,1e-07,0.1005,40676597
GCST90654657,Alzheimer's disease,chr19:1147051,,4e-06,0.8699,40676597
GCST90654657,Alzheimer's disease,chr19:44908684,,1e-85,0.759,40676597
GCST90654657,Alzheimer's disease,chr19:46305814,,8e-06,0.0161,40676597
GCST90654657,Alzheimer's disease,chr19:48779546,,9e-06,0.2019,40676597
GCST90654657,Alzheimer's disease,chr20:4857931,,6e-06,0.9453,40676597
GCST90654657,Alzheimer's disease,chr20:54300669,,3e-06,0.2593,40676597
GCST90654657,Alzheimer's disease,chr20:60069672,,2e-06,0.8505,40676597
GCST90654649,Alzheimer's disease,chr1:82816207,,4e-06,0.0018,40676597
GCST90654649,Alzheimer's disease,chr1:99938466,,1e-05,0.9852,40676597
GCST90654649,Alzheimer's disease,chr2:9115411,,6e-06,0.987,40676597
GCST90654649,Alzheimer's disease,chr2:86451949,,4e-06,0.0019,40676597
GCST90654649,Alzheimer's disease,chr2:116202423,,4.9999999999999996e-06,0.9983,40676597
GCST90654649,Alzheimer's disease,chr2:128293676,,4.9999999999999996e-06,0.0793,40676597
GCST90654649,Alzheimer's disease,chr2:164244154,,2e-08,0.0383,40676597
GCST90654649,Alzheimer's disease,chr2:168624442,,4e-06,0.9942,40676597
GCST90654649,Alzheimer's disease,chr2:168735502,,2e-06,0.0041,40676597
GCST90654649,Alzheimer's disease,chr2:223017827,,9e-06,0.0113,40676597
GCST90654649,Alzheimer's disease,chr2:226643579,,8e-06,0.0039,40676597
GCST90654649,Alzheimer's disease,chr2:229121648,,1e-05,0.0026,40676597
GCST90654649,Alzheimer's disease,chr2:236587615,,4e-06,0.8212,40676597
GCST90654649,Alzheimer's disease,chr3:7802847,,9e-06,0.0019,40676597
GCST90654649,Alzheimer's disease,chr3:11267409,,2e-06,0.9972,40676597
GCST90654649,Alzheimer's disease,chr3:11382283,,4e-06,0.9972,40676597
GCST90654649,Alzheimer's disease,chr3:23692867,,3e-06,0.0819,40676597
GCST90654649,Alzheimer's disease,chr3:26883964,,4e-06,0.0023,40676597
GCST90654649,Alzheimer's disease,chr3:27143020,,4e-06,0.0023,40676597
GCST90654649,Alzheimer's disease,chr3:27267039,,4.9999999999999996e-06,0.0023,40676597
GCST90654649,Alzheimer's disease,chr3:27398511,,6e-06,0.0023,40676597
GCST90654649,Alzheimer's disease,chr3:27509757,,6e-06,0.0023,40676597
GCST90654649,Alzheimer's disease,chr3:32600231,,4.9999999999999996e-06,0.9979,40676597
GCST90654649,Alzheimer's disease,chr3:54538477,,7e-06,0.998,40676597
GCST90654649,Alzheimer's disease,chr3:67761200,,6e-07,0.9968,40676597
GCST90654649,Alzheimer's disease,chr3:75327140,,2e-06,0.1024,40676597
GCST90654649,Alzheimer's disease,chr3:77697706,,9e-06,0.6979,40676597
GCST90654649,Alzheimer's disease,chr3:112118102,,8e-06,0.9914,40676597
GCST90654649,Alzheimer's disease,chr3:146366380,,9e-06,0.9701,40676597
GCST90654649,Alzheimer's disease,chr4:10224717,,8e-07,0.0301,40676597
GCST90654649,Alzheimer's disease,chr4:165461988,,1e-05,0.9959,40676597
GCST90654649,Alzheimer's disease,chr5:3975623,,9e-06,0.0106,40676597
GCST90654649,Alzheimer's disease,chr5:40055155,,3e-06,0.6857,40676597
GCST90654649,Alzheimer's disease,chr5:66746525,,1e-05,0.9989,40676597
GCST90654649,Alzheimer's disease,chr5:148379134,,2e-06,0.9959,40676597
GCST90654649,Alzheimer's disease,chr5:159679738,,3e-06,0.0135,40676597
GCST90654649,Alzheimer's disease,chr5:169971355,,7e-07,0.0036,40676597
GCST90654649,Alzheimer's disease,chr6:2944654,,2e-06,0.9881,40676597
GCST90654649,Alzheimer's disease,chr6:33456198,,1e-05,0.0048,40676597
GCST90654649,Alzheimer's disease,chr6:69477173,,9e-06,0.004,40676597
GCST90654649,Alzheimer's disease,chr6:70183182,,2e-06,0.1344,40676597
GCST90654649,Alzheimer's disease,chr6:72866666,,7e-08,0.9939,40676597
GCST90654649,Alzheimer's disease,chr6:72972304,,4e-07,0.9939,40676597
GCST90654649,Alzheimer's disease,chr6:91312448,,1e-06,0.9958,40676597
GCST90654649,Alzheimer's disease,chr6:91527733,,1e-07,0.9954,40676597
GCST90654649,Alzheimer's disease,chr6:91629048,,1e-06,0.9923,40676597
GCST90654649,Alzheimer's disease,chr6:91743911,,1e-06,0.9947,40676597
GCST90654649,Alzheimer's disease,chr6:95136545,,9e-06,0.0028,40676597
GCST90654649,Alzheimer's disease,chr6:95493305,,3e-06,0.0023,40676597
GCST90654649,Alzheimer's disease,chr6:124515703,,7e-06,0.0794,40676597
GCST90654649,Alzheimer's disease,chr6:128038427,,2e-06,0.7251,40676597
GCST90654649,Alzheimer's disease,chr7:6295618,,3e-06,0.8765,40676597
GCST90654649,Alzheimer's disease,chr7:18981896,,2e-06,0.0125,40676597
GCST90654649,Alzheimer's disease,chr7:28941831,,8e-06,0.0017,40676597
GCST90654649,Alzheimer's disease,chr7:118422202,,7e-06,0.9742,40676597
GCST90654649,Alzheimer's disease,chr7:139895016,,9e-06,0.0285,40676597
GCST90654649,Alzheimer's disease,chr7:149921546,,1e-05,0.0014,40676597
GCST90654649,Alzheimer's disease,chr8:14598491,,9e-06,0.5863,40676597
GCST90654649,Alzheimer's disease,chr8:80965676,,6e-06,0.9854,40676597
GCST90654649,Alzheimer's disease,chr8:95950442,,3e-06,0.9953,40676597
GCST90654649,Alzheimer's disease,chr8:106441352,,1e-06,0.0065,40676597
GCST90654649,Alzheimer's disease,chr8:108794475,,2e-06,0.9962,40676597
GCST90654649,Alzheimer's disease,chr8:111992735,,4e-06,0.0579,40676597
GCST90654649,Alzheimer's disease,chr8:117612416,,9e-07,0.9906,40676597
GCST90654649,Alzheimer's disease,chr8:134143099,,2e-06,0.5605,40676597
GCST90654649,Alzheimer's disease,chr8:137589728,,2e-06,0.0151,40676597
GCST90654649,Alzheimer's disease,chr8:141438074,,3e-06,0.9968,40676597
GCST90654649,Alzheimer's disease,chr9:70793220,,9e-06,0.2706,40676597
GCST90654649,Alzheimer's disease,chr9:87037606,,4e-06,0.9969,40676597
GCST90654649,Alzheimer's disease,chr9:89739145,,3e-06,0.9645,40676597
GCST90654649,Alzheimer's disease,chr9:121221667,,1e-05,0.0238,40676597
GCST90654649,Alzheimer's disease,chr10:41800194,,7e-06,0.0018,40676597
GCST90654649,Alzheimer's disease,chr10:78636152,,2e-06,0.0076,40676597
GCST90654649,Alzheimer's disease,chr10:104436276,,7e-06,0.002,40676597
GCST90654649,Alzheimer's disease,chr10:112705203,,9e-08,0.0084,40676597
GCST90654649,Alzheimer's disease,chr11:11142126,,2e-06,0.0021,40676597
GCST90654649,Alzheimer's disease,chr11:81169678,,6e-06,0.9982,40676597
GCST90654649,Alzheimer's disease,chr11:117293848,,7e-06,0.0017,40676597
GCST90654649,Alzheimer's disease,chr12:107332982,,6e-06,0.978,40676597
GCST90654649,Alzheimer's disease,chr12:113643122,,5e-10,0.0391,40676597
GCST90654649,Alzheimer's disease,chr13:111422454,,7e-06,0.008,40676597
GCST90654649,Alzheimer's disease,chr14:66108090,,9e-06,0.1322,40676597
GCST90654649,Alzheimer's disease,chr14:78933611,,7e-06,0.9973,40676597
GCST90654649,Alzheimer's disease,chr15:38643449,,6e-06,0.1579,40676597
GCST90654649,Alzheimer's disease,chr15:39633230,,6e-06,0.8619,40676597
GCST90654649,Alzheimer's disease,chr15:40056107,,2e-06,0.0024,40676597
GCST90654649,Alzheimer's disease,chr15:40421035,,8e-07,0.0026,40676597
GCST90654649,Alzheimer's disease,chr15:40964636,,2e-06,0.0023,40676597
GCST90654649,Alzheimer's disease,chr15:41090193,,2e-06,0.9977,40676597
GCST90654649,Alzheimer's disease,chr15:41210835,,2e-06,0.9977,40676597
GCST90654649,Alzheimer's disease,chr15:41387399,,3e-06,0.9977,40676597
GCST90654649,Alzheimer's disease,chr15:41502852,,4e-06,0.0023,40676597
GCST90654649,Alzheimer's disease,chr15:41606104,,4.9999999999999996e-06,0.0023,40676597
GCST90654649,Alzheimer's disease,chr15:41708408,,4.9999999999999996e-06,0.0023,40676597
GCST90654649,Alzheimer's disease,chr15:41857632,,7e-06,0.9976,40676597
GCST90654649,Alzheimer's disease,chr15:82097300,,9e-06,0.0631,40676597
GCST90654649,Alzheimer's disease,chr15:93319443,,6e-06,0.9941,40676597
GCST90654649,Alzheimer's disease,chr16:7956345,,4.9999999999999996e-06,0.0022,40676597
GCST90654649,Alzheimer's disease,chr16:19138806,,3e-06,0.0824,40676597
GCST90654649,Alzheimer's disease,chr16:89799752,,7e-06,0.3678,40676597
GCST90654649,Alzheimer's disease,chr17:57840382,,2e-06,0.0026,40676597
GCST90654649,Alzheimer's disease,chr17:60796204,,2e-06,0.9971,40676597
GCST90654649,Alzheimer's disease,chr17:61049975,,2e-06,0.0029,40676597
GCST90654649,Alzheimer's disease,chr18:25394122,,3e-06,0.0029,40676597
GCST90654649,Alzheimer's disease,chr18:46324436,,3e-06,0.0283,40676597
GCST90654649,Alzheimer's disease,chr19:1773968,,1e-06,0.0069,40676597
GCST90654649,Alzheimer's disease,chr19:41798858,,6e-06,0.9676,40676597
GCST90654649,Alzheimer's disease,chr19:43956992,,4e-06,0.9571,40676597
GCST90654649,Alzheimer's disease,chr19:44691802,,5e-08,0.0092,40676597
GCST90654649,Alzheimer's disease,chr19:44908684,,1e-71,0.7972,40676597
GCST90654649,Alzheimer's disease,chr19:45343554,,8e-06,0.0534,40676597
GCST90654649,Alzheimer's disease,chr19:50004070,,1e-05,0.0208,40676597
GCST90654649,Alzheimer's disease,chr19:50574154,,3e-07,0.0257,40676597
GCST90654649,Alzheimer's disease,chr19:54124989,,9e-06,0.0078,40676597
GCST90654649,Alzheimer's disease,chr20:297546,,6e-06,0.9884,40676597
GCST90654649,Alzheimer's disease,chr20:3551450,,1e-06,0.0279,40676597
GCST90654649,Alzheimer's disease,chr20:12072847,,3e-06,0.1268,40676597
GCST90654649,Alzheimer's disease,chr20:51123050,,7e-06,0.8495,40676597
GCST90654649,Alzheimer's disease,chr21:28476834,,1e-06,0.0033,40676597
GCST90654649,Alzheimer's disease,chr21:28638038,,6.000000000000001e-08,0.9968,40676597
GCST90654649,Alzheimer's disease,chr21:28781894,,9e-06,0.0027,40676597
GCST90654649,Alzheimer's disease,chr21:36477330,,9e-06,0.0824,40676597
GCST90654649,Alzheimer's disease,chr22:23377555,,2e-06,0.0127,40676597
GCST90654650,Alzheimer's disease,chr1:199045484,,7e-06,0.0509,40676597
GCST90654650,Alzheimer's disease,chr2:165617236,,4e-06,0.9447,40676597
GCST90654650,Alzheimer's disease,chr3:195774150,,9e-08,0.0345,40676597
GCST90654650,Alzheimer's disease,chr5:86202225,,4e-06,0.609,40676597
GCST90654650,Alzheimer's disease,chr9:109849671,,2e-08,0.731,40676597
GCST90654650,Alzheimer's disease,chr9:133414815,,2e-06,0.048,40676597
GCST90654650,Alzheimer's disease,chr9:135292052,,3e-07,0.0983,40676597
GCST90654650,Alzheimer's disease,chr12:1574267,,4e-06,0.9418,40676597
GCST90654650,Alzheimer's disease,chr13:21890653,,2e-07,0.121,40676597
GCST90654650,Alzheimer's disease,chr15:98725960,,8e-06,0.1213,40676597
GCST90654650,Alzheimer's disease,chr19:44730118,,3.0000000000000004e-09,0.8504,40676597
GCST90654650,Alzheimer's disease,chr19:44836353,,8e-06,0.0157,40676597
GCST90654655,Alzheimer's disease,chr15:63279621,,8e-08,NR,40676597
GCST90654655,Alzheimer's disease,chr7:100295525,,1e-07,NR,40676597
GCST90654655,Alzheimer's disease,chr5:93987301,,1e-07,NR,40676597
GCST90654655,Alzheimer's disease,chr10:11678309,,1e-07,NR,40676597
GCST90654655,Alzheimer's disease,chr5:94163462,,1e-07,NR,40676597
GCST90654655,Alzheimer's disease,chr5:93779998,,1e-07,NR,40676597
GCST90654655,Alzheimer's disease,chr5:93655878,,3e-07,NR,40676597
GCST90654655,Alzheimer's disease,chr19:44544863,,3e-07,NR,40676597
GCST90654655,Alzheimer's disease,chr11:121564878,,3e-07,NR,40676597
GCST90654655,Alzheimer's disease,chr7:110819666,,4e-07,NR,40676597
GCST90654655,Alzheimer's disease,chr7:70976540,,4e-07,NR,40676597
GCST90654655,Alzheimer's disease,chr8:141438074,,5e-07,NR,40676597
GCST90654655,Alzheimer's disease,rs679515,,6e-12,NR,40676597
GCST90654655,Alzheimer's disease,rs6733839,,7.000000000000001e-26,NR,40676597
GCST90654655,Alzheimer's disease,rs75932628,,2e-12,NR,40676597
GCST90654655,Alzheimer's disease,rs1385742,,8e-10,NR,40676597
GCST90654655,Alzheimer's disease,rs2741342,,1e-08,NR,40676597
GCST90654655,Alzheimer's disease,rs1532278,,4e-08,NR,40676597
GCST90654655,Alzheimer's disease,rs34173062,,2e-09,NR,40676597
GCST90654655,Alzheimer's disease,rs1582763,,7e-14,NR,40676597
GCST90654655,Alzheimer's disease,rs1898895,,1e-14,NR,40676597
GCST90654655,Alzheimer's disease,rs12151021,,2e-08,NR,40676597
GCST90654655,Alzheimer's disease,rs429358,,1e-320,NR,40676597
GCST90654655,Alzheimer's disease,rs7412,,4e-106,NR,40676597
GCST90654655,Alzheimer's disease,rs12576934,,5e-09,NR,40676597
GCST90654655,Alzheimer's disease,rs111486601,,1e-08,NR,40676597
GCST90624093,Alzheimer's disease,chr1:207510847,,8e-10,NR,39998322
GCST90624093,Alzheimer's disease,chr1:207512441,,2e-10,NR,39998322
GCST90624093,Alzheimer's disease,chr1:207573951,,2e-10,NR,39998322
GCST90624093,Alzheimer's disease,chr1:207577223,,1e-09,NR,39998322
GCST90624093,Alzheimer's disease,chr1:207611623,,3.0000000000000004e-08,NR,39998322
GCST90624093,Alzheimer's disease,chr1:207612944,,5e-08,NR,39998322
GCST90624093,Alzheimer's disease,chr1:207613197,,4e-09,NR,39998322
GCST90624093,Alzheimer's disease,chr1:207613483,,4e-08,NR,39998322
GCST90624093,Alzheimer's disease,chr1:207621975,,1e-09,NR,39998322
GCST90624093,Alzheimer's disease,chr1:207623552,,2e-10,NR,39998322
GCST90624093,Alzheimer's disease,chr1:207625349,,3.0000000000000004e-09,NR,39998322
GCST90624093,Alzheimer's disease,chr1:207626529,,1e-09,NR,39998322
GCST90624093,Alzheimer's disease,chr1:207627210,,1e-09,NR,39998322
GCST90624093,Alzheimer's disease,chr1:207629207,,2e-09,NR,39998322
GCST90624093,Alzheimer's disease,chr1:207630796,,1e-09,NR,39998322
GCST90624093,Alzheimer's disease,chr1:207633385,,2e-09,NR,39998322
GCST90624093,Alzheimer's disease,chr19:44799865,,1e-09,NR,39998322
GCST90624093,Alzheimer's disease,chr19:44864753,,1e-09,NR,39998322
GCST90624093,Alzheimer's disease,chr19:44878777,,3e-35,NR,39998322
GCST90624093,Alzheimer's disease,chr19:44882502,,2e-32,NR,39998322
GCST90624093,Alzheimer's disease,chr19:44895208,,4e-11,NR,39998322
GCST90624093,Alzheimer's disease,chr19:44901434,,1e-20,NR,39998322
GCST90624093,Alzheimer's disease,chr19:44905579,,4e-36,NR,39998322
GCST90624093,Alzheimer's disease,chr19:44905910,,4e-33,NR,39998322
GCST90624093,Alzheimer's disease,rs10119,,2e-161,NR,39998322
GCST90624093,Alzheimer's disease,rs1038025,,3e-84,NR,39998322
GCST90624093,Alzheimer's disease,rs1038026,,4e-86,NR,39998322
GCST90624093,Alzheimer's disease,rs10405693,,8e-09,NR,39998322
GCST90624093,Alzheimer's disease,rs10406338,,3.0000000000000004e-09,NR,39998322
GCST90624093,Alzheimer's disease,rs10412413,,3.0000000000000004e-08,NR,39998322
GCST90624093,Alzheimer's disease,rs10414043,,4e-146,NR,39998322
GCST90624093,Alzheimer's disease,rs10424663,,2e-13,NR,39998322
GCST90624093,Alzheimer's disease,rs1081105,,1e-62,NR,39998322
GCST90624093,Alzheimer's disease,rs111371860,,5e-08,NR,39998322
GCST90624093,Alzheimer's disease,rs111784051,,1e-17,NR,39998322
GCST90624093,Alzheimer's disease,rs111789331,,2e-158,NR,39998322
GCST90624093,Alzheimer's disease,rs112422902,,9e-19,NR,39998322
GCST90624093,Alzheimer's disease,rs112450640,,1e-08,NR,39998322
GCST90624093,Alzheimer's disease,rs112849259,,5e-55,NR,39998322
GCST90624093,Alzheimer's disease,rs113330691,,1e-09,NR,39998322
GCST90624093,Alzheimer's disease,rs113492558,,1e-55,NR,39998322
GCST90624093,Alzheimer's disease,rs114536010,,1e-54,NR,39998322
GCST90624093,Alzheimer's disease,rs11556505,,2e-133,NR,39998322
GCST90624093,Alzheimer's disease,rs11568822,,3e-124,NR,39998322
GCST90624093,Alzheimer's disease,rs115881343,,3e-57,NR,39998322
GCST90624093,Alzheimer's disease,rs115908094,,4.9999999999999995e-11,NR,39998322
GCST90624093,Alzheimer's disease,rs1160983,,1e-13,NR,39998322
GCST90624093,Alzheimer's disease,rs1160985,,4e-85,NR,39998322
GCST90624093,Alzheimer's disease,rs11666329,,9e-10,NR,39998322
GCST90624093,Alzheimer's disease,rs11668327,,9e-22,NR,39998322
GCST90624093,Alzheimer's disease,rs11668861,,7e-15,NR,39998322
GCST90624093,Alzheimer's disease,rs11680911,,3e-10,NR,39998322
GCST90624093,Alzheimer's disease,rs116881820,,2e-53,NR,39998322
GCST90624093,Alzheimer's disease,rs116949436,,5e-09,NR,39998322
GCST90624093,Alzheimer's disease,rs117010230,,3.0000000000000004e-08,NR,39998322
GCST90624093,Alzheimer's disease,rs117310449,,4e-18,NR,39998322
GCST90624093,Alzheimer's disease,rs117323901,,4e-08,NR,39998322
GCST90624093,Alzheimer's disease,rs117806270,,3.0000000000000004e-08,NR,39998322
GCST90624093,Alzheimer's disease,rs12459810,,4e-08,NR,39998322
GCST90624093,Alzheimer's disease,rs12462573,,5e-12,NR,39998322
GCST90624093,Alzheimer's disease,rs12480959,,1e-08,NR,39998322
GCST90624093,Alzheimer's disease,rs12721046,,7e-159,NR,39998322
GCST90624093,Alzheimer's disease,rs12721051,,2e-228,NR,39998322
GCST90624093,Alzheimer's disease,rs12721052,,3.0000000000000003e-31,NR,39998322
GCST90624093,Alzheimer's disease,rs12972156,,5e-140,NR,39998322
GCST90624093,Alzheimer's disease,rs12972970,,2.9999999999999997e-140,NR,39998322
GCST90624093,Alzheimer's disease,rs12989701,,4e-08,NR,39998322
GCST90624093,Alzheimer's disease,rs13009551,,3.0000000000000004e-08,NR,39998322
GCST90624093,Alzheimer's disease,rs1305062,,5e-47,NR,39998322
GCST90624093,Alzheimer's disease,rs138229840,,2e-08,NR,39998322
GCST90624093,Alzheimer's disease,rs138607350,,3e-10,NR,39998322
GCST90624093,Alzheimer's disease,rs141622900,,5.0000000000000005e-25,NR,39998322
GCST90624093,Alzheimer's disease,rs141744862,,5e-08,NR,39998322
GCST90624093,Alzheimer's disease,rs142042446,,2e-136,NR,39998322
GCST90624093,Alzheimer's disease,rs142978359,,2e-08,NR,39998322
GCST90624093,Alzheimer's disease,rs144618582,,2e-10,NR,39998322
GCST90624093,Alzheimer's disease,rs145654351,,2e-10,NR,39998322
GCST90624093,Alzheimer's disease,rs146275714,,5.999999999999999e-21,NR,39998322
GCST90624093,Alzheimer's disease,rs146444978,,8e-09,NR,39998322
GCST90624093,Alzheimer's disease,rs147440553,,1e-08,NR,39998322
GCST90624093,Alzheimer's disease,rs147450666,,7.000000000000001e-09,NR,39998322
GCST90624093,Alzheimer's disease,rs147636938,,1e-32,NR,39998322
GCST90624093,Alzheimer's disease,rs148601586,,4e-13,NR,39998322
GCST90624093,Alzheimer's disease,rs148998607,,4e-10,NR,39998322
GCST90624093,Alzheimer's disease,rs149661872,,1e-09,NR,39998322
GCST90624093,Alzheimer's disease,rs150214656,,2e-08,NR,39998322
GCST90624093,Alzheimer's disease,rs150966173,,4e-60,NR,39998322
GCST90624093,Alzheimer's disease,rs1570009,,2e-08,NR,39998322
GCST90624093,Alzheimer's disease,rs157582,,2e-135,NR,39998322
GCST90624093,Alzheimer's disease,rs157583,,2.9999999999999996e-24,NR,39998322
GCST90624093,Alzheimer's disease,rs157588,,7e-18,NR,39998322
GCST90624093,Alzheimer's disease,rs157591,,1e-20,NR,39998322
GCST90624093,Alzheimer's disease,rs157598,,2e-16,NR,39998322
GCST90624093,Alzheimer's disease,rs166907,,1e-14,NR,39998322
GCST90624093,Alzheimer's disease,rs182525847,,2e-08,NR,39998322
GCST90624093,Alzheimer's disease,rs183427010,,9e-10,NR,39998322
GCST90624093,Alzheimer's disease,rs183610051,,4e-11,NR,39998322
GCST90624093,Alzheimer's disease,rs184017,,1e-124,NR,39998322
GCST90624093,Alzheimer's disease,rs186724723,,2e-08,NR,39998322
GCST90624093,Alzheimer's disease,rs200388554,,6.000000000000001e-09,NR,39998322
GCST90624093,Alzheimer's disease,rs205909,,1e-21,NR,39998322
GCST90624093,Alzheimer's disease,rs2075649,,1e-25,NR,39998322
GCST90624093,Alzheimer's disease,rs2075650,,8e-130,NR,39998322
GCST90624093,Alzheimer's disease,rs283811,,7e-120,NR,39998322
GCST90624093,Alzheimer's disease,rs283815,,3e-11,NR,39998322
GCST90624093,Alzheimer's disease,rs28399637,,4e-20,NR,39998322
GCST90624093,Alzheimer's disease,rs28399654,,3e-12,NR,39998322
GCST90624093,Alzheimer's disease,rs2927468,,2e-08,NR,39998322
GCST90624093,Alzheimer's disease,rs2972559,,9e-12,NR,39998322
GCST90624093,Alzheimer's disease,rs3208856,,1e-09,NR,39998322
GCST90624093,Alzheimer's disease,rs34095326,,2e-85,NR,39998322
GCST90624093,Alzheimer's disease,rs34278513,,1e-12,NR,39998322
GCST90624093,Alzheimer's disease,rs34342646,,5e-135,NR,39998322
GCST90624093,Alzheimer's disease,rs34404554,,5e-135,NR,39998322
GCST90624093,Alzheimer's disease,rs35114168,,9e-10,NR,39998322
GCST90624093,Alzheimer's disease,rs35396326,,9.000000000000001e-09,NR,39998322
GCST90624093,Alzheimer's disease,rs3865427,,3e-12,NR,39998322
GCST90624093,Alzheimer's disease,rs3925681,,1e-42,NR,39998322
GCST90624093,Alzheimer's disease,rs412776,,1e-11,NR,39998322
GCST90624093,Alzheimer's disease,rs41289512,,4e-30,NR,39998322
GCST90624093,Alzheimer's disease,rs429358,,7e-305,NR,39998322
GCST90624093,Alzheimer's disease,rs435380,,6e-22,NR,39998322
GCST90624093,Alzheimer's disease,rs438811,,9.000000000000001e-161,NR,39998322
GCST90624093,Alzheimer's disease,rs439382,,3e-17,NR,39998322
GCST90624093,Alzheimer's disease,rs4420638,,2e-202,NR,39998322
GCST90624093,Alzheimer's disease,rs445925,,4e-11,NR,39998322
GCST90624093,Alzheimer's disease,rs446037,,5.0000000000000005e-22,NR,39998322
GCST90624093,Alzheimer's disease,rs4663105,,8e-11,NR,39998322
GCST90624093,Alzheimer's disease,rs4803770,,1e-32,NR,39998322
GCST90624093,Alzheimer's disease,rs4803772,,3.0000000000000003e-31,NR,39998322
GCST90624093,Alzheimer's disease,rs4809823,,2e-09,NR,39998322
GCST90624093,Alzheimer's disease,rs4811115,,7.000000000000001e-09,NR,39998322
GCST90624093,Alzheimer's disease,rs483082,,4e-139,NR,39998322
GCST90624093,Alzheimer's disease,rs490243,,6e-22,NR,39998322
GCST90624093,Alzheimer's disease,rs5117,,8.999999999999999e-129,NR,39998322
GCST90624093,Alzheimer's disease,rs537741299,,8e-14,NR,39998322
GCST90624093,Alzheimer's disease,rs541189631,,9.000000000000001e-09,NR,39998322
GCST90624093,Alzheimer's disease,rs551048812,,1e-10,NR,39998322
GCST90624093,Alzheimer's disease,rs553129131,,2e-08,NR,39998322
GCST90624093,Alzheimer's disease,rs557495347,,5e-08,NR,39998322
GCST90624093,Alzheimer's disease,rs56098445,,4e-08,NR,39998322
GCST90624093,Alzheimer's disease,rs56131196,,2e-202,NR,39998322
GCST90624093,Alzheimer's disease,rs56317818,,2e-11,NR,39998322
GCST90624093,Alzheimer's disease,rs56918975,,1e-08,NR,39998322
GCST90624093,Alzheimer's disease,rs573181360,,2e-08,NR,39998322
GCST90624093,Alzheimer's disease,rs58132661,,5e-08,NR,39998322
GCST90624093,Alzheimer's disease,rs58446550,,3.0000000000000004e-08,NR,39998322
GCST90624093,Alzheimer's disease,rs58826447,,3.0000000000000004e-08,NR,39998322
GCST90624093,Alzheimer's disease,rs59007384,,4.9999999999999995e-11,NR,39998322
GCST90624093,Alzheimer's disease,rs59325138,,4e-39,NR,39998322
GCST90624093,Alzheimer's disease,rs60049679,,4.9999999999999997e-23,NR,39998322
GCST90624093,Alzheimer's disease,rs6020921,,4e-09,NR,39998322
GCST90624093,Alzheimer's disease,rs61679753,,2e-17,NR,39998322
GCST90624093,Alzheimer's disease,rs6661489,,1e-10,NR,39998322
GCST90624093,Alzheimer's disease,rs66626994,,1e-130,NR,39998322
GCST90624093,Alzheimer's disease,rs6720234,,1e-08,NR,39998322
GCST90624093,Alzheimer's disease,rs6733839,,4.9999999999999995e-11,NR,39998322
GCST90624093,Alzheimer's disease,rs6857,,2e-189,NR,39998322
GCST90624093,Alzheimer's disease,rs71352238,,5e-143,NR,39998322
GCST90624093,Alzheimer's disease,rs7254133,,3e-14,NR,39998322
GCST90624093,Alzheimer's disease,rs7259620,,8e-71,NR,39998322
GCST90624093,Alzheimer's disease,rs72654461,,2e-10,NR,39998322
GCST90624093,Alzheimer's disease,rs72654463,,2e-10,NR,39998322
GCST90624093,Alzheimer's disease,rs7412,,5e-39,NR,39998322
GCST90624093,Alzheimer's disease,rs741780,,5e-84,NR,39998322
GCST90624093,Alzheimer's disease,rs74359223,,2e-09,NR,39998322
GCST90624093,Alzheimer's disease,rs75627662,,1e-84,NR,39998322
GCST90624093,Alzheimer's disease,rs76560105,,3.0000000000000004e-08,NR,39998322
GCST90624093,Alzheimer's disease,rs769449,,7e-13,NR,39998322
GCST90624093,Alzheimer's disease,rs769450,,2.9999999999999996e-49,NR,39998322
GCST90624093,Alzheimer's disease,rs77301115,,6e-54,NR,39998322
GCST90624093,Alzheimer's disease,rs77589046,,2e-08,NR,39998322
GCST90624093,Alzheimer's disease,rs77728772,,4e-08,NR,39998322
GCST90624093,Alzheimer's disease,rs79398853,,7e-55,NR,39998322
GCST90624093,Alzheimer's disease,rs79429216,,3.0000000000000004e-08,NR,39998322
GCST90624093,Alzheimer's disease,rs79701229,,9e-13,NR,39998322
GCST90624093,Alzheimer's disease,rs80168591,,2e-10,NR,39998322
GCST90624093,Alzheimer's disease,rs8103315,,3.0000000000000004e-08,NR,39998322
GCST90624093,Alzheimer's disease,rs8105340,,7.000000000000001e-10,NR,39998322
GCST90624093,Alzheimer's disease,rs8106922,,5e-40,NR,39998322
GCST90624093,Alzheimer's disease,rs905342119,,5e-10,NR,39998322
